"","squirrel_id","sex","OFT1","OFT2","observer","ageclass","cohort","year","assay_season","age","grid","trialnumber","trialdate","assay.local.density","assay_avg_fam"
"1",7110,"F",-0.63043902358087,-0.190332645298246,"AKB","A",2003,2005,"spring",2,"AG",1,2005-05-16,0,0
"2",6748,"F",-0.174439665115803,-0.282975453276977,"AKB","Y",2004,2005,"spring",1,"AG",1,2005-05-17,0.94174522539583,0
"3",7545,"F",-0.386772334020703,-0.0670490166717372,"AKB","A",2002,2005,"spring",3,"AG",1,2005-05-17,0.94174522539583,146
"4",7841,"F",-1.41247114661746,-0.592709775833741,"AKB","A",2003,2005,"spring",2,"AG",1,2005-05-17,1.130094270475,227.5
"5",6348,"F",1.84611191918432,-0.190626796442182,"AKB","A",2000,2005,"spring",5,"SU",1,2005-05-18,0,0
"6",7553,"F",0.284047436540894,-0.742084025693402,"AKB","A",2002,2005,"spring",3,"SU",1,2005-05-18,0.753396180316664,0
"7",7071,"F",-0.717059727029438,0.427888169741812,"AKB","A",2003,2005,"spring",2,"AG",1,2005-05-19,0,0
"8",7827,"F",-0.902275501755079,-0.891407494429921,"AKB","A",2002,2005,"spring",3,"KL",1,2005-05-21,0.94174522539583,211.4
"9",6529,"F",-0.321174445406068,-0.705264010074831,"AKB","A",2003,2005,"spring",2,"KL",1,2005-05-21,0.753396180316664,0
"10",7501,"F",0.550110894254267,-1.49932952269054,"AKB","A",2001,2005,"spring",4,"AG",1,2005-05-22,0.565047135237498,0
"11",7626,"F",1.29644262687138,-1.13411599723511,"AKB","Y",2004,2005,"spring",1,"AG",1,2005-05-22,1.50679236063333,204.75
"12",8663,"F",-0.402151968374395,-2.37600286571302,"AKB","A",2003,2005,"spring",2,"AG",1,2005-05-22,0.565047135237498,121.666666666667
"13",7768,"F",0.123688427823157,-0.944412647427043,"AKB","A",2001,2005,"spring",4,"SU",1,2005-05-23,1.130094270475,155.666666666667
"14",6338,"F",0.856776753678896,-1.23680039560755,"AKB","A",2002,2005,"spring",3,"SU",1,2005-05-23,1.130094270475,331.333333333333
"15",6347,"F",-2.0230434782642,-0.320432732300281,"AKB","A",2002,2005,"spring",3,"SU",1,2005-05-23,1.31844331555416,200.857142857143
"16",6244,"F",2.56040821966868,-0.358888455922745,"AKB","A",2000,2005,"spring",5,"AG",1,2005-05-24,0,0
"17",6835,"F",1.42453475701542,0.678624632353358,"AKB","A",2002,2005,"spring",3,"AG",1,2005-05-24,0,0
"18",7451,"F",-1.32168924699164,0.146163917754822,"AKB","Y",2004,2005,"spring",1,"KL",1,2005-05-26,0.753396180316664,273
"19",7926,"F",-0.595434601939526,-0.520336162851189,"AKB","A",2003,2005,"spring",2,"SU",1,2005-05-29,0,0
"20",6508,"F",-1.99750120293064,-0.272346613448464,"AKB","A",1998,2005,"spring",7,"SU",1,2005-05-29,0,0
"21",6346,"F",1.32592825876049,-0.480087473627175,"AKB","A",2003,2005,"spring",2,"SU",1,2005-05-30,0.94174522539583,219
"22",6760,"F",0.220501525800061,-0.329316648681601,"AKB","A",2003,2005,"spring",2,"SU",1,2005-05-30,0.565047135237498,243.333333333333
"23",6504,"F",0.0850773102373108,-0.973694267730003,"AKB","Y",2004,2005,"spring",1,"AG",1,2005-05-31,0,0
"24",7017,"F",0.807382459216926,-0.116806146489551,"AKB","Y",2004,2005,"spring",1,"AG",1,2005-05-31,1.69514140571249,182
"25",6954,"F",1.11516218120006,-1.32775221527334,"AKB","A",2003,2005,"summer",2,"SU",1,2005-06-01,0.565047135237498,0
"26",8493,"F",0.988636325942983,-1.34535485420689,"AKB","Y",2004,2005,"summer",1,"AG",1,2005-06-02,1.130094270475,0
"27",6502,"F",1.16888851335655,0.775846210040466,"AKB","A",1998,2005,"summer",7,"SU",1,2005-06-04,0,0
"28",7636,"M",1.19767561497357,-0.146818681522313,"AKB","Y",2004,2005,"summer",1,"SU",1,2005-06-04,0.565047135237498,0
"29",6517,"M",1.20258666834694,-1.54435088895629,"AKB","Y",2004,2005,"summer",1,"SU",1,2005-06-04,1.31844331555416,0
"30",6510,"M",1.19794494611806,-1.08244737473638,"AKB","A",2000,2005,"summer",5,"SU",1,2005-06-04,1.130094270475,523.166666666667
"31",7818,"M",0.50821124925493,-0.841368813637599,"AKB","Y",2004,2005,"summer",1,"SU",1,2005-06-05,0.753396180316664,0
"32",10220,"M",1.10769426220372,0.15440143369484,"AKB","Y",2004,2005,"summer",1,"SU",1,2005-06-05,1.31844331555416,0
"33",10786,"M",-0.89423719748992,-1.35613964492278,"AKB","Y",2004,2005,"summer",1,"SU",1,2005-06-05,1.130094270475,0
"34",6841,"M",-0.467792681812863,0.451007129476193,"AKB","A",2002,2005,"summer",3,"SU",1,2005-06-05,1.31844331555416,292
"35",6358,"F",0.693384229378447,-0.682201815146574,"AKB","Y",2004,2005,"summer",1,"KL",1,2005-06-06,1.130094270475,273
"36",6438,"M",-0.423153487618156,0.167373283096573,"AKB","Y",2004,2005,"summer",1,"KL",1,2005-06-06,0.565047135237498,0
"37",6391,"F",-1.11416710302096,-0.337059290725591,"AKB","Y",2004,2005,"summer",1,"KL",1,2005-06-06,0.376698090158332,0
"38",7609,"F",-2.35210992375213,-0.398519194423187,"AKB","A",2001,2005,"summer",4,"KL",1,2005-06-06,3.01358472126666,0
"39",6509,"M",-2.58141201768426,-0.164961799692252,"AKB","A",2002,2005,"summer",3,"KL",1,2005-06-06,0.94174522539583,194.2
"40",6405,"M",0.276748798228926,-2.85242407058809,"AKB","A",2001,2005,"summer",4,"KL",1,2005-06-07,0.94174522539583,133.2
"41",6313,"M",-1.13759878143722,-0.136639585526667,"AKB","Y",2004,2005,"summer",1,"KL",1,2005-06-07,0.94174522539583,109.2
"42",6501,"F",-1.52622782192873,0.505591506291534,"AKB","A",2001,2005,"summer",4,"KL",1,2005-06-07,0.565047135237498,121.666666666667
"43",6495,"F",-1.51781246598029,-0.591088387473616,"AKB","A",1998,2005,"summer",7,"SU",1,2005-06-08,1.50679236063333,136.5
"44",6401,"M",-1.48054720605812,-1.15802423843399,"AKB","Y",2004,2005,"summer",1,"SU",1,2005-06-08,0,0
"45",6569,"F",-0.778889390493465,-0.176814460519346,"AKB","A",2002,2005,"summer",3,"SU",1,2005-06-08,0.753396180316664,0
"46",7950,"M",0.731328915390322,-1.80279149452273,"AKB","Y",2004,2005,"summer",1,"SU",1,2005-06-09,0.753396180316664,0
"47",7172,"F",0.312991009846731,-1.12427564444291,"AKB","A",2003,2005,"summer",2,"SU",1,2005-06-09,1.31844331555416,133.428571428571
"48",7312,"M",0.591607910771732,-1.32366120339518,"AKB","Y",2004,2005,"summer",1,"SU",1,2005-06-09,0.753396180316664,0
"49",7075,"M",-0.565915153885567,0.062703206741986,"AKB","Y",2004,2005,"summer",1,"SU",1,2005-06-09,1.69514140571249,0
"50",7385,"M",-0.193035115793213,0.645958485258241,"AKB","A",2001,2005,"summer",4,"SU",1,2005-06-09,0.753396180316664,136.5
"51",6538,"F",1.22224218059123,0.0599818903397828,"AKB","A",2002,2005,"summer",3,"KL",1,2005-06-11,0,0
"52",8729,"M",0.360153483594506,-1.17784356413877,"AKB","A",2003,2005,"summer",2,"KL",1,2005-06-11,0.94174522539583,0
"53",6357,"M",-1.25910161959071,-0.0951638011775348,"AKB","A",2002,2005,"summer",3,"AG",1,2005-06-12,0.188349045079166,0
"54",7119,"M",-0.963050741858775,-0.970681435614467,"AKB","A",2002,2005,"summer",3,"AG",1,2005-06-12,0,0
"55",6586,"M",-0.837859495844574,0.0400927388183901,"AKB","Y",2004,2005,"summer",1,"AG",1,2005-06-12,0,0
"56",7329,"F",0.192758724957041,-1.00385467924152,"AKB","A",2003,2005,"summer",2,"AG",1,2005-06-12,0,0
"57",8398,"F",1.86471770320783,-0.5595597279933,"AKB","Y",2004,2005,"summer",1,"SU",1,2005-06-13,1.31844331555416,156
"58",6458,"F",0.584975764915457,-0.515352304690856,"AKB","A",2002,2005,"summer",3,"SU",1,2005-06-13,1.31844331555416,169.285714285714
"59",7387,"F",-0.867225829398361,-0.0849250060562044,"AKB","A",2003,2005,"summer",2,"SU",1,2005-06-13,1.50679236063333,232.5
"60",6500,"F",0.706666879208479,-1.88631618888914,"AKB","A",2003,2005,"summer",2,"KL",1,2005-06-14,0.376698090158332,166.5
"61",7874,"M",-0.0753614479179995,-0.613317154074837,"AKB","Y",2004,2005,"summer",1,"SU",1,2005-06-16,0.565047135237498,0
"62",7025,"F",-0.793354563696792,-1.41784972115517,"AKB","Y",2004,2005,"summer",1,"SU",1,2005-06-16,0.188349045079166,273
"63",7022,"M",-1.60920113009951,0.0441082589628317,"AKB","A",2003,2005,"summer",2,"SU",1,2005-06-16,0,0
"64",7024,"M",0.1508544055687,-0.70453840319074,"AKB","A",2003,2005,"summer",2,"SU",1,2005-06-16,0.376698090158332,319
"65",6400,"M",-0.920030239293125,-0.0750850822883119,"AKB","Y",2004,2005,"summer",1,"KL",1,2005-06-16,0.753396180316664,0
"66",10120,"M",1.1501753354864,-0.221823324094531,"AKB","Y",2004,2005,"summer",1,"SU",1,2005-06-17,1.50679236063333,0
"67",7247,"M",-1.64937615360212,-0.591495864914027,"AKB","A",2000,2005,"summer",5,"SU",1,2005-06-17,1.130094270475,471.5
"68",6528,"F",0.453639994654237,-1.33980217821078,"AKB","Y",2004,2005,"summer",1,"SU",1,2005-06-17,0.753396180316664,0
"69",7575,"M",-0.778773946140409,-0.426372877403684,"AKB","A",2002,2005,"summer",3,"SU",1,2005-06-17,0.94174522539583,146
"70",7584,"F",0.763198762804763,-0.827646221309482,"AKB","Y",2004,2005,"summer",1,"SU",1,2005-06-18,0.753396180316664,0
"71",10296,"M",0.207539870787784,-3.4001971252727,"AKB","A",2003,2005,"summer",2,"SU",1,2005-06-18,1.88349045079166,163.8
"72",7278,"F",-1.25475694071287,1.17520335163418,"AKB","A",2002,2005,"summer",3,"SU",1,2005-06-18,1.31844331555416,0
"73",6553,"M",-0.710112698211737,1.45789179288561,"AKB","Y",2004,2005,"summer",1,"KL",1,2005-06-20,0.753396180316664,0
"74",7897,"M",-1.39000153825916,-0.225410125578925,"AKB","A",2003,2005,"summer",2,"KL",1,2005-06-20,0.376698090158332,273
"75",6507,"F",0.101776029611354,0.660157564085757,"AKB","Y",2004,2005,"summer",1,"KL",1,2005-06-20,0,0
"76",6527,"M",0.628211255001565,-1.93817822062093,"AKB","A",2002,2005,"summer",3,"KL",1,2005-06-20,1.130094270475,260.166666666667
"77",7842,"M",0.0616104933680363,0.352941729244922,"AKB","Y",2004,2005,"summer",1,"KL",1,2005-06-21,0.376698090158332,0
"78",8755,"M",-0.276459298575409,-1.42891125605205,"AKB","Y",2004,2005,"summer",1,"AG",1,2005-06-23,1.130094270475,182
"79",7023,"M",-0.00796351053481043,-1.99454494645533,"AKB","Y",2004,2005,"summer",1,"AG",1,2005-06-23,1.50679236063333,204.75
"80",10649,"M",-1.70472811280878,-0.5974004321968,"AKB","Y",2004,2005,"summer",1,"AG",1,2005-06-23,1.31844331555416,0
"81",7346,"M",0.0138958295169193,1.03520856174391,"AKB","Y",2004,2005,"summer",1,"AG",1,2005-06-23,0,0
"82",10171,"F",-0.898757543857301,-1.39131328220866,"AKB","Y",2004,2005,"summer",1,"AG",1,2005-06-23,0.94174522539583,163.8
"83",10749,"M",-0.111406286822128,-0.122441283203042,"AKB","A",2002,2005,"summer",3,"AG",1,2005-06-24,0.94174522539583,73
"84",6918,"M",1.8043072828978,-0.306785743985709,"AKB","Y",2004,2005,"summer",1,"AG",1,2005-06-24,1.50679236063333,0
"85",8153,"F",0.338470622158474,-1.75679915598894,"AKB","A",2003,2005,"summer",2,"AG",1,2005-06-25,0,0
"86",7082,"F",-1.68824853193906,-0.208236075956274,"AKB","A",2002,2005,"summer",3,"AG",1,2005-06-25,0.753396180316664,91.25
"87",6425,"M",-2.27955051238807,0.00238043178254703,"AKB","Y",2004,2005,"summer",1,"AG",1,2005-06-25,0.94174522539583,0
"88",6511,"M",0.698154487632397,-0.12479265087017,"AKB","Y",2004,2005,"summer",1,"KL",1,2005-06-26,0,0
"89",6312,"M",0.460392652892229,-2.28457682501177,"AKB","A",2002,2005,"summer",3,"KL",1,2005-06-26,0.94174522539583,396
"90",7873,"M",-1.22716628811272,-0.284552121851551,"AKB","Y",2004,2005,"summer",1,"KL",1,2005-06-26,0.376698090158332,0
"91",6936,"F",1.20051048004638,1.61777215586264,"AKB","A",2003,2005,"summer",2,"AG",1,2005-06-27,0,0
"92",7042,"M",1.80708963917628,-0.577758985661975,"AKB","A",2003,2005,"summer",2,"AG",1,2005-06-27,0,0
"93",6729,"M",-0.0973390639434398,-0.288139548232866,"AKB","A",2003,2005,"summer",2,"AG",1,2005-06-28,0,0
"94",7161,"M",-0.510714905410024,-0.00573384573371925,"AKB","A",2002,2005,"summer",3,"AG",1,2005-06-28,0,0
"95",7391,"F",-0.156579668258506,0.0847368281540276,"AKB","A",2003,2005,"summer",2,"AG",1,2005-07-02,1.50679236063333,125.75
"96",6410,"M",-1.58051655520088,0.131783115940473,"AKB","A",2001,2005,"summer",4,"AG",1,2005-07-02,2.44853758602916,40.1538461538462
"97",6340,"F",-0.489000997739907,0.00831041208049754,"AKB","A",2003,2005,"summer",2,"AG",1,2005-07-02,2.07183949587083,0
"98",6975,"M",-2.0389788823783,-0.332874005164743,"AKB","A",2002,2005,"summer",3,"AG",1,2005-07-02,1.88349045079166,118.7
"99",8734,"M",-2.1937730738715,0.344266000678313,"AKB","A",2003,2005,"summer",2,"AG",1,2005-07-03,1.31844331555416,26.2857142857143
"100",6523,"M",-1.54014196102723,0.438352579818854,"AKB","A",2001,2005,"summer",4,"KL",1,2005-07-03,1.50679236063333,0
"101",6624,"F",0.564376628176162,0.0215918315682073,"AKB","Y",2004,2005,"summer",1,"AG",1,2005-07-03,0,0
"102",8286,"M",0.933412115784107,0.877317096678254,"AKB","A",2002,2005,"summer",3,"AG",1,2005-07-03,0,0
"103",7093,"M",-2.20391453174767,-0.237853327055412,"AKB","A",2003,2005,"summer",2,"AG",1,2005-07-03,0,0
"104",7476,"M",-0.446299500321187,0.389946712599482,"AKB","Y",2004,2005,"summer",1,"AG",1,2005-07-03,0,0
"105",6434,"M",-1.71394851525761,-0.240976838219535,"AKB","Y",2004,2005,"summer",1,"KL",1,2005-07-04,0.565047135237498,0
"106",7935,"M",0.475200406771936,-0.372777984691397,"AKB","Y",2004,2005,"summer",1,"KL",1,2005-07-05,2.26018854094999,11.75
"107",6343,"M",-1.25506609421185,-0.440194768601066,"AKB","A",2002,2005,"summer",3,"KL",1,2005-07-05,1.31844331555416,269.571428571429
"108",6665,"F",0.896690103583404,-0.17583966408897,"AKB","A",2003,2005,"summer",2,"AG",1,2005-07-09,0.753396180316664,114.25
"109",10088,"M",-1.61021907967482,-0.5157504071979,"AKB","A",2003,2005,"summer",2,"AG",1,2005-07-09,0,0
"110",10167,"F",-0.642156701789262,0.856565688053801,"AKB","Y",2004,2005,"summer",1,"AG",1,2005-07-09,0,0
"111",7148,"F",1.21009721972979,0.350722883299229,"AKB","Y",2004,2005,"summer",1,"KL",1,2005-07-10,1.50679236063333,34.5
"112",6398,"F",2.44712005866669,0.303336346147956,"AKB","A",2002,2005,"summer",3,"SU",1,2005-07-11,0.94174522539583,0
"113",8579,"F",1.85987190096001,0.528291192911876,"AKB","Y",2004,2005,"summer",1,"SU",1,2005-07-11,2.07183949587083,0
"114",7135,"F",1.51001768417355,-0.518483117941913,"AKB","Y",2004,2005,"summer",1,"SU",1,2005-07-11,0,0
"115",7307,"F",-0.897821355988433,0.434410132752088,"AKB","Y",2004,2005,"summer",1,"SU",1,2005-07-11,0.753396180316664,285.75
"116",6516,"F",0.519288128004229,-0.738051222552318,"AKB","Y",2004,2005,"summer",1,"SU",1,2005-07-11,1.50679236063333,24
"117",7423,"F",-1.48558182609553,-0.00181977389651544,"AKB","A",2003,2005,"summer",2,"SU",1,2005-07-11,1.31844331555416,137.428571428571
"118",6666,"F",1.57876590383369,-0.0406672622986911,"AKB","Y",2004,2005,"summer",1,"SU",1,2005-07-11,0.94174522539583,36.8
"119",10606,"M",-1.76119680927792,-0.0822609471814761,"AKB","Y",2004,2005,"summer",1,"AG",1,2005-07-12,1.31844331555416,0
"120",7205,"M",0.803612142843359,0.321901849485412,"AKB","A",2003,2005,"summer",2,"AG",1,2005-07-12,0.376698090158332,0
"121",7121,"M",-1.72336197209061,-0.683219149907111,"AKB","A",2002,2005,"summer",3,"AG",1,2005-07-12,0,0
"122",10100,"M",-1.79140720630916,-0.725984219573572,"AKB","Y",2004,2005,"summer",1,"AG",1,2005-07-12,1.130094270475,61.3333333333333
"123",6459,"F",0.874744023889515,-0.0384878106353418,"AKB","A",2003,2005,"summer",2,"AG",1,2005-07-14,2.26018854094999,149.5
"124",8295,"M",-1.45263102957737,-0.322296766137915,"AKB","A",2002,2005,"summer",3,"AG",1,2005-07-14,1.130094270475,91.5
"125",7545,"F",-2.46327626856268,-0.07798734451593,"AKB","A",2002,2005,"summer",3,"AG",2,2005-07-14,0.94174522539583,146
"126",7017,"F",-1.927156744995,0.717738703710326,"AKB","Y",2004,2005,"summer",1,"AG",2,2005-07-14,1.69514140571249,182
"127",10569,"F",1.57563836663267,0.73553056988678,"AKB","A",2003,2005,"summer",2,"AG",1,2005-07-15,1.31844331555416,52.5714285714286
"128",10111,"M",-1.8444049774973,0.125652481609134,"AKB","Y",2004,2005,"summer",1,"AG",1,2005-07-15,2.82523567618749,52.9333333333333
"129",8513,"F",0.313633049595052,0.0433701066075515,"AKB","A",2002,2005,"summer",3,"SU",1,2005-07-16,0.188349045079166,457
"130",7926,"F",-0.355750889999592,0.0594241192651957,"AKB","A",2003,2005,"summer",2,"SU",2,2005-07-16,0,0
"131",7643,"F",-0.819470670877263,0.190261377514113,"AKB","A",2002,2005,"summer",3,"SU",1,2005-07-16,1.130094270475,0
"132",7768,"F",0.427363823992958,0.318957557597797,"AKB","A",2001,2005,"summer",4,"SU",2,2005-07-16,1.130094270475,155.666666666667
"133",6504,"F",0.54668631536735,-0.0188858556929022,"AKB","Y",2004,2005,"summer",1,"AG",2,2005-07-17,0,0
"134",6835,"F",-1.70667496492714,3.3906204212571,"AKB","A",2002,2005,"summer",3,"AG",2,2005-07-17,0,0
"135",7841,"F",-2.01185161119343,0.0039739163041809,"AKB","A",2003,2005,"summer",2,"AG",2,2005-07-17,1.130094270475,227.5
"136",6508,"F",-2.00564806344428,-0.156966801886018,"AKB","A",1998,2005,"summer",7,"SU",2,2005-07-19,0,0
"137",7636,"M",2.31961337042803,-0.297328295706838,"AKB","Y",2004,2005,"summer",1,"SU",2,2005-07-19,0.565047135237498,0
"138",6510,"M",1.73932339838405,0.621240031771602,"AKB","A",2000,2005,"summer",5,"SU",2,2005-07-19,1.130094270475,523.166666666667
"139",6841,"M",-1.1661054953437,1.18978294390586,"AKB","A",2002,2005,"summer",3,"SU",2,2005-07-19,1.31844331555416,292
"140",10786,"M",-0.0205305847496614,-0.392133339617022,"AKB","Y",2004,2005,"summer",1,"SU",2,2005-07-19,1.130094270475,0
"141",6954,"F",-0.0169199242025679,-0.514887787756176,"AKB","A",2003,2005,"summer",2,"SU",2,2005-07-21,0.565047135237498,0
"142",6401,"M",-2.18803526240648,0.0168458587582767,"AKB","Y",2004,2005,"summer",1,"SU",2,2005-07-21,0,0
"143",6517,"M",-0.968526476958108,-0.224777034730062,"AKB","Y",2004,2005,"summer",1,"SU",2,2005-07-21,1.31844331555416,0
"144",6569,"F",-2.13305979901397,0.25159297605127,"AKB","A",2002,2005,"summer",3,"SU",2,2005-07-21,0.753396180316664,0
"145",7950,"M",1.66215680482373,0.692358034617021,"AKB","Y",2004,2005,"summer",1,"SU",2,2005-07-22,0.753396180316664,0
"146",7075,"M",-1.84519301173444,-0.131352886737038,"AKB","Y",2004,2005,"summer",1,"SU",2,2005-07-22,1.69514140571249,0
"147",7818,"M",-1.92760803718142,0.611478194345246,"AKB","Y",2004,2005,"summer",1,"SU",2,2005-07-22,0.753396180316664,0
"148",6953,"F",1.59413252243673,2.05320215712839,"AKB","A",2003,2005,"summer",2,"SU",1,2005-07-23,2.82523567618749,0
"149",6502,"F",-0.302314344554102,1.2392655237844,"AKB","A",1998,2005,"summer",7,"SU",2,2005-07-23,0,0
"150",7312,"M",-0.682845373508776,0.209907292433806,"AKB","Y",2004,2005,"summer",1,"SU",2,2005-07-23,0.753396180316664,0
"151",7119,"M",0.552946998704848,0.47597034003251,"AKB","A",2002,2005,"summer",3,"AG",2,2005-07-24,0,0
"152",7451,"F",1.26855316141784,1.78843318643361,"AKB","Y",2004,2005,"summer",1,"KL",2,2005-07-24,0.753396180316664,273
"153",7626,"F",0.281725382322428,0.23981441855237,"AKB","Y",2004,2005,"summer",1,"AG",2,2005-07-24,1.50679236063333,204.75
"154",6748,"F",-0.580374259016944,0.965123954345408,"AKB","Y",2004,2005,"summer",1,"AG",2,2005-07-24,0.94174522539583,0
"155",7329,"F",-2.19191284121339,0.273100631990025,"AKB","A",2003,2005,"summer",2,"AG",2,2005-07-24,0,0
"156",7827,"F",-0.466873175888334,2.61677586074077,"AKB","A",2002,2005,"summer",3,"KL",2,2005-07-26,0.94174522539583,211.4
"157",6509,"M",0.468285454943581,0.006574586926643,"AKB","A",2002,2005,"summer",3,"KL",2,2005-07-26,0.94174522539583,194.2
"158",7172,"F",0.0697018571441541,-1.16057805610266,"AKB","A",2003,2005,"summer",2,"SU",2,2005-07-27,1.31844331555416,133.428571428571
"159",8398,"F",1.8914863211612,-0.7364074018394,"AKB","Y",2004,2005,"summer",1,"SU",2,2005-07-27,1.31844331555416,156
"160",7387,"F",-0.00598402049213473,-0.38098023460914,"AKB","A",2003,2005,"summer",2,"SU",2,2005-07-27,1.50679236063333,232.5
"161",7609,"F",-2.87253723560834,-0.257702234716393,"AKB","A",2001,2005,"summer",4,"KL",2,2005-07-27,3.01358472126666,0
"162",7501,"F",0.697121723193599,0.543269694657284,"AKB","A",2001,2005,"summer",4,"AG",2,2005-07-29,0.565047135237498,0
"163",7110,"F",1.60689666685304,-0.0790405659617448,"AKB","A",2003,2005,"summer",2,"AG",2,2005-07-29,0,0
"164",6586,"M",-2.65347173449206,-0.00226998564491196,"AKB","Y",2004,2005,"summer",1,"AG",2,2005-07-29,0,0
"165",6617,"F",0.94132707593116,0.942745425113943,"AKB","A",2001,2005,"summer",4,"KL",1,2005-07-30,1.88349045079166,0
"166",6458,"F",-0.391165837136484,-0.379233061198849,"AKB","A",2002,2005,"summer",3,"SU",2,2005-07-31,1.31844331555416,169.285714285714
"167",7584,"F",-0.684974204888315,0.568509185728744,"AKB","Y",2004,2005,"summer",1,"SU",2,2005-07-31,0.753396180316664,0
"168",7022,"M",1.0178629282843,0.756403855266071,"AKB","A",2003,2005,"summer",2,"SU",2,2005-07-31,0,0
"169",7385,"M",-2.33104718146306,1.07146874346457,"AKB","A",2001,2005,"summer",4,"SU",2,2005-07-31,0.753396180316664,136.5
"170",7025,"F",-0.867390973555225,0.00692173845728062,"AKB","Y",2004,2005,"summer",1,"SU",2,2005-07-31,0.188349045079166,273
"171",7024,"M",-1.6141363275271,0.246718404894333,"AKB","A",2003,2005,"summer",2,"SU",2,2005-07-31,0.376698090158332,319
"172",6500,"F",1.63089778243557,0.74956695510201,"AKB","A",2003,2005,"summer",2,"KL",2,2005-08-01,0.376698090158332,166.5
"173",6553,"M",1.34082909830023,-0.87478541427467,"AKB","Y",2004,2005,"summer",1,"KL",2,2005-08-01,0.753396180316664,0
"174",6507,"F",-0.82076638046531,0.633627009834379,"AKB","Y",2004,2005,"summer",1,"KL",2,2005-08-01,0,0
"175",6391,"F",-1.40239865925532,-0.111285610176985,"AKB","Y",2004,2005,"summer",1,"KL",2,2005-08-01,0.376698090158332,0
"176",6501,"F",-0.423785454582317,2.60226001421301,"AKB","A",2001,2005,"summer",4,"KL",2,2005-08-02,0.565047135237498,121.666666666667
"177",7247,"M",-0.775072737195084,-0.373149905569261,"AKB","A",2000,2005,"summer",5,"SU",2,2005-08-03,1.130094270475,471.5
"178",7874,"M",-1.72135742270432,0.178823157594152,"AKB","Y",2004,2005,"summer",1,"SU",2,2005-08-06,0.565047135237498,0
"179",7575,"M",-0.577083476477265,-3.37308410101074,"AKB","A",2002,2005,"summer",3,"SU",2,2005-08-06,0.94174522539583,146
"180",6918,"M",2.25220793950449,0.421143293500932,"AKB","Y",2004,2005,"summer",1,"AG",2,2005-08-07,1.50679236063333,0
"181",8755,"M",-1.62280891954092,-0.014868982205495,"AKB","Y",2004,2005,"summer",1,"AG",2,2005-08-07,1.130094270475,182
"182",7346,"M",-0.883866072899133,0.259516570591025,"AKB","Y",2004,2005,"summer",1,"AG",2,2005-08-07,0,0
"183",8729,"M",-1.96850519183259,0.471249396524906,"AKB","A",2003,2005,"summer",2,"KL",2,2005-08-07,0.94174522539583,0
"184",10749,"M",-2.71256351155383,-0.207341901870594,"AKB","A",2002,2005,"summer",3,"AG",2,2005-08-07,0.94174522539583,73
"185",7842,"M",1.977899653676,0.196407942938397,"AKB","Y",2004,2005,"summer",1,"KL",2,2005-08-08,0.376698090158332,0
"186",6400,"M",-1.50707535711149,0.290787704385046,"AKB","Y",2004,2005,"summer",1,"KL",2,2005-08-08,0.753396180316664,0
"187",7042,"M",1.76113410404295,0.601487430273716,"AKB","A",2003,2005,"summer",2,"AG",2,2005-08-09,0,0
"188",6936,"F",1.7083145469107,1.1658986844799,"AKB","A",2003,2005,"summer",2,"AG",2,2005-08-09,0,0
"189",7161,"M",-2.62489478006871,0.192968773593258,"AKB","A",2002,2005,"summer",3,"AG",2,2005-08-09,0,0
"190",7082,"F",-1.97111605047965,-0.0678308453314522,"AKB","A",2002,2005,"summer",3,"AG",2,2005-08-09,0.753396180316664,91.25
"191",6425,"M",-2.00079430582444,-0.00766514692603577,"AKB","Y",2004,2005,"summer",1,"AG",2,2005-08-09,0.94174522539583,0
"192",7071,"F",-2.55796021675818,0.201854520472329,"AKB","A",2003,2005,"summer",2,"AG",2,2005-08-09,0,0
"193",6538,"F",2.75004999898316,0.811655527971341,"AKB","A",2002,2005,"summer",3,"KL",2,2005-08-10,0,0
"194",6405,"M",0.491421894159061,-0.866249777236202,"AKB","A",2001,2005,"summer",4,"KL",2,2005-08-10,0.94174522539583,133.2
"195",7553,"F",-2.95134977259445,-0.282131998105695,"AKB","A",2002,2005,"summer",3,"SU",2,2005-08-10,0.753396180316664,0
"196",6511,"M",-0.245935300098389,0.741248764922891,"AKB","Y",2004,2005,"summer",1,"KL",2,2005-08-11,0,0
"197",6410,"M",-1.36879779133522,0.574288144620738,"AKB","A",2001,2005,"summer",4,"AG",2,2005-08-13,2.44853758602916,40.1538461538462
"198",8727,"F",-0.784914283478658,-0.121584377108629,"AKB","Y",2004,2005,"summer",1,"KL",1,2005-08-13,2.63688663110833,0
"199",7391,"F",0.933928398852077,-0.392467741925952,"AKB","A",2003,2005,"summer",2,"AG",2,2005-08-13,1.50679236063333,125.75
"200",10649,"M",-2.70035332000991,-0.110895755732292,"AKB","Y",2004,2005,"summer",1,"AG",2,2005-08-13,1.31844331555416,0
"201",6528,"F",-0.486713634656517,-1.59997911610373,"AKB","Y",2004,2005,"summer",1,"SU",2,2005-08-15,0.753396180316664,0
"202",6729,"M",-1.31161239064023,0.238489335549131,"AKB","A",2003,2005,"summer",2,"AG",2,2005-08-16,0,0
"203",6523,"M",-1.94692542870284,1.46315707633334,"AKB","A",2001,2005,"summer",4,"KL",2,2005-08-16,1.50679236063333,0
"204",10296,"M",-2.61788873352277,-0.112119867540521,"AKB","A",2003,2005,"summer",2,"SU",2,2005-08-17,1.88349045079166,163.8
"205",6760,"F",-0.782331732886795,0.365980970995114,"AKB","A",2003,2005,"summer",2,"SU",2,2005-08-17,0.565047135237498,243.333333333333
"206",7023,"M",0.947768983692411,-0.373815199365157,"AKB","Y",2004,2005,"summer",1,"AG",2,2005-08-18,1.50679236063333,204.75
"207",6665,"F",0.210613802200888,0.516491397739284,"AKB","A",2003,2005,"summer",2,"AG",2,2005-08-18,0.753396180316664,114.25
"208",8286,"M",-1.98545590397356,0.275474196784287,"AKB","A",2002,2005,"summer",3,"AG",2,2005-08-18,0,0
"209",7093,"M",-2.17227729045284,-0.132813560171387,"AKB","A",2003,2005,"summer",2,"AG",2,2005-08-18,0,0
"210",6975,"M",-2.74328145220675,-0.0698954401431425,"AKB","A",2002,2005,"summer",3,"AG",2,2005-08-18,1.88349045079166,118.7
"211",7833,"F",1.59342254494478,0.642872723162615,"AKB","Y",2004,2005,"summer",1,"KL",1,2005-08-21,0.94174522539583,0
"212",8153,"F",-1.83282401994739,-0.0717150207078848,"AKB","A",2003,2005,"summer",2,"AG",2,2005-08-21,0,0
"213",10167,"F",-1.92828180011563,0.685282133456485,"AKB","Y",2004,2005,"summer",1,"AG",2,2005-08-21,0,0
"214",6434,"M",-0.435616049177434,-0.439332637454488,"AKB","Y",2004,2005,"summer",1,"KL",2,2005-08-21,0.565047135237498,0
"215",7148,"F",-1.12017525755776,0.764576632496414,"AKB","Y",2004,2005,"summer",1,"KL",2,2005-08-21,1.50679236063333,34.5
"216",7873,"M",-2.88981946610664,-0.215076266861058,"AKB","Y",2004,2005,"summer",1,"KL",2,2005-08-21,0.376698090158332,0
"217",7897,"M",-2.70428420548647,-0.141530570839613,"AKB","A",2003,2005,"summer",2,"KL",2,2005-08-22,0.376698090158332,273
"218",6527,"M",-0.217935922145702,-3.99356248665384,"AKB","A",2002,2005,"summer",3,"KL",2,2005-08-22,1.130094270475,260.166666666667
"219",10120,"M",0.226624660252072,1.24361712828845,"AKB","Y",2004,2005,"summer",1,"SU",2,2005-08-23,1.50679236063333,0
"220",6666,"F",-2.27418049848974,0.794739138151516,"AKB","Y",2004,2005,"summer",1,"SU",2,2005-08-23,0.94174522539583,36.8
"221",6495,"F",-2.22456317749784,0.241383521463594,"AKB","A",1998,2005,"summer",7,"SU",2,2005-08-24,1.50679236063333,136.5
"222",6516,"F",1.42302176253086,-0.412127581849881,"AKB","Y",2004,2005,"summer",1,"SU",2,2005-08-25,1.50679236063333,24
"223",7423,"F",0.390119264816831,0.805244302552078,"AKB","A",2003,2005,"summer",2,"SU",2,2005-08-25,1.31844331555416,137.428571428571
"224",10111,"M",-2.64402071146544,-0.0667690649753884,"AKB","Y",2004,2005,"summer",1,"AG",2,2005-08-29,2.82523567618749,52.9333333333333
"225",10171,"F",-2.86551084056453,-0.287689704861209,"AKB","Y",2004,2005,"summer",1,"AG",2,2005-08-29,0.94174522539583,163.8
"226",8295,"M",-2.49935186681084,0.548604934434958,"AKB","A",2002,2005,"summer",3,"AG",2,2005-08-29,1.130094270475,91.5
"227",10606,"M",-2.06699337966157,-0.283541264404751,"AKB","Y",2004,2005,"summer",1,"AG",2,2005-08-29,1.31844331555416,0
"228",10100,"M",-2.64377950934882,-0.0829027962349571,"AKB","Y",2004,2005,"summer",1,"AG",2,2005-08-29,1.130094270475,61.3333333333333
"229",8734,"M",-2.71914545943052,0.160674142094556,"AKB","A",2003,2005,"summer",2,"AG",2,2005-08-29,1.31844331555416,26.2857142857143
"230",7135,"F",0.885280306641172,1.39655719605266,"AKB","Y",2004,2005,"summer",1,"SU",2,2005-08-30,0,0
"231",7935,"M",-0.645716088476335,0.724152105927734,"AKB","Y",2004,2005,"summer",1,"KL",2,2005-08-31,2.26018854094999,11.75
"232",6459,"F",-0.374270140291553,0.00240195373697454,"AKB","A",2003,2005,"summer",2,"AG",2,2005-08-31,2.26018854094999,149.5
"233",8513,"F",-2.38856261401453,0.630449313005098,"AKB","A",2002,2005,"autumn",3,"SU",2,2005-09-01,0.188349045079166,457
"234",6953,"F",-0.465860944061759,3.38766254657571,"AKB","A",2003,2005,"autumn",2,"SU",2,2005-09-03,2.82523567618749,0
"235",7643,"F",-1.05241271775792,0.402234349498847,"AKB","A",2002,2005,"autumn",3,"SU",2,2005-09-06,1.130094270475,0
"236",7307,"F",-2.06952885990708,0.0905894289939211,"AKB","Y",2004,2005,"autumn",1,"SU",2,2005-09-08,0.753396180316664,285.75
"237",7205,"M",-0.693487742368363,0.276141066805908,"AKB","A",2003,2005,"autumn",2,"AG",2,2005-09-11,0.376698090158332,0
"238",10088,"M",-2.81304133938169,-0.218829247483644,"AKB","A",2003,2005,"autumn",2,"AG",2,2005-09-12,0,0
"239",7121,"M",-2.34840262304307,0.26321592206686,"AKB","A",2002,2005,"autumn",3,"AG",2,2005-09-12,0,0
"240",7278,"F",-0.62953095871828,2.93226022239745,"AKB","A",2002,2005,"autumn",3,"SU",2,2005-09-14,1.31844331555416,0
"241",6617,"F",-1.23283728847851,0.765712534362959,"AKB","A",2001,2005,"autumn",4,"KL",2,2005-09-20,1.88349045079166,0
"242",8036,"M",1.42545592821734,1.442858514591,"RWT","A",2005,2008,"spring",3,"KL",1,2008-04-27,2.82523567618749,0
"243",10145,"F",2.2931202053042,2.63171622620018,"RWT","A",2005,2008,"spring",3,"KL",1,2008-04-28,0.565047135237498,0
"244",10136,"M",2.89452298476972,1.5227047645971,"RWT","A",2005,2008,"spring",3,"KL",1,2008-04-29,1.69514140571249,0
"245",10322,"M",2.74385696072884,1.54883228997464,"RWT","A",2006,2008,"spring",2,"KL",1,2008-04-29,2.26018854094999,0
"246",10376,"M",1.9501298538711,2.99802492650415,"RWT","Y",2007,2008,"spring",1,"KL",1,2008-04-30,1.130094270475,0
"247",8582,"M",1.07512259723801,1.38501998345377,"RWT","A",2005,2008,"spring",3,"KL",1,2008-04-30,2.63688663110833,371.428571428571
"248",8574,"M",-0.207661326760678,0.578664954111542,"RWT","A",2005,2008,"spring",3,"KL",1,2008-04-30,2.63688663110833,365.214285714286
"249",8609,"M",0.0155557806092907,0.66633851145339,"RWT","A",2005,2008,"spring",3,"KL",1,2008-05-01,2.44853758602916,337.076923076923
"250",8729,"M",1.22963764877771,1.13774310404968,"RWT","A",2003,2008,"spring",5,"KL",3,2008-05-04,1.31844331555416,379.571428571429
"251",8728,"M",2.2465885645856,0.738798174200134,"RWT","A",2005,2008,"spring",3,"KL",1,2008-05-04,2.26018854094999,276.166666666667
"252",10341,"M",-0.0922954844246239,2.13198335656363,"RWT","Y",2007,2008,"spring",1,"KL",1,2008-05-04,1.69514140571249,0
"253",10147,"M",0.608537338410024,0.467168185223805,"RWT","A",2005,2008,"spring",3,"KL",1,2008-05-04,0.94174522539583,146.4
"254",10212,"M",4.27193243785426,2.09557344377046,"RWT","A",2006,2008,"spring",2,"KL",1,2008-05-04,2.44853758602916,43.7692307692308
"255",8384,"M",-1.49918593684618,0.110733986735548,"RWT","A",2005,2008,"spring",3,"KL",1,2008-05-04,0.94174522539583,420.2
"256",10184,"F",3.65449078946912,0.769539115695285,"RWT","A",2006,2008,"spring",2,"KL",1,2008-05-05,0.94174522539583,219.2
"257",8571,"M",1.0428562934386,1.56677013908234,"RWT","A",2004,2008,"spring",4,"KL",1,2008-05-05,2.44853758602916,366.230769230769
"258",10183,"F",2.56385866526474,1.70263544578311,"RWT","A",2005,2008,"spring",3,"KL",1,2008-05-05,1.31844331555416,207
"259",10138,"M",0.324001809585718,0.193382671353108,"RWT","A",2005,2008,"spring",3,"KL",2,2008-05-06,1.31844331555416,314.428571428571
"260",10369,"F",2.05867121950313,0.284091267579004,"RWT","Y",2007,2008,"spring",1,"KL",1,2008-05-06,1.69514140571249,0
"261",8732,"F",0.668323846987451,1.01846148580776,"RWT","A",2006,2008,"spring",2,"KL",1,2008-05-06,2.26018854094999,167.25
"262",10273,"M",0.524040096404466,3.56500984534226,"RWT","A",2006,2008,"spring",2,"KL",1,2008-05-06,1.50679236063333,0
"263",8727,"F",-0.573719380772718,0.49566702654705,"RWT","A",2004,2008,"spring",4,"KL",2,2008-05-06,1.31844331555416,449.571428571429
"264",10410,"M",2.82865167442831,1.9469441116644,"RWT","Y",2007,2008,"spring",1,"KL",1,2008-05-07,0.94174522539583,176.8
"265",8648,"F",2.61362538610182,0.241600525839482,"RWT","A",2005,2008,"spring",3,"KL",1,2008-05-07,1.50679236063333,182.75
"266",10177,"M",0.351184266279235,0.893499344795314,"RWT","A",2005,2008,"spring",3,"KL",1,2008-05-07,1.88349045079166,205.8
"267",13682,"M",3.08886799120083,1.87243390575705,"RWT","A",2005,2008,"spring",3,"KL",1,2008-05-07,2.26018854094999,472.916666666667
"268",10192,"M",3.34345594085597,1.63786060273014,"RWT","A",2004,2008,"spring",4,"KL",1,2008-05-07,2.26018854094999,406.916666666667
"269",10140,"F",0.542141433892808,0.334266381000036,"RWT","A",2005,2008,"spring",3,"KL",2,2008-05-08,1.50679236063333,102.75
"270",10725,"M",2.65117497368825,1.44625797145076,"RWT","Y",2007,2008,"spring",1,"KL",1,2008-05-08,1.31844331555416,0
"271",10182,"F",2.30991025139291,2.14977026598528,"RWT","A",2005,2008,"spring",3,"KL",1,2008-05-08,1.130094270475,167.5
"272",8680,"M",1.38666393559926,-0.365522210812837,"RWT","A",2006,2008,"spring",2,"KL",1,2008-05-11,1.69514140571249,209.111111111111
"273",10748,"F",0.575586717885356,1.33943365746959,"RWT","Y",2007,2008,"spring",1,"KL",1,2008-05-11,1.88349045079166,179.8
"274",10642,"M",2.78833495084993,-0.359235256885884,"RWT","Y",2007,2008,"spring",1,"KL",1,2008-05-11,1.50679236063333,40.5
"275",10408,"F",1.58224306460981,1.03130224958999,"RWT","Y",2007,2008,"spring",1,"KL",1,2008-05-11,1.88349045079166,197.2
"276",10370,"M",0.93336198076727,0.624595886329572,"RWT","Y",2007,2008,"spring",1,"KL",1,2008-05-12,2.07183949587083,0
"277",10391,"F",1.45527503147437,1.55863834804526,"RWT","Y",2007,2008,"spring",1,"KL",1,2008-05-13,0.753396180316664,219.5
"278",8576,"F",2.70188407417203,-0.414977655503069,"RWT","A",2004,2008,"spring",4,"KL",1,2008-05-13,0.753396180316664,142
"279",10153,"M",0.11769841928325,0.966177996334947,"RWT","A",2005,2008,"spring",3,"KL",1,2008-05-13,1.69514140571249,287
"280",10274,"M",-0.913889907054776,2.07791592719586,"RWT","A",2006,2008,"spring",2,"KL",1,2008-05-13,1.88349045079166,180.3
"281",8592,"F",-1.34694308541763,0.751970593784968,"RWT","A",2005,2008,"spring",3,"KL",2,2008-05-13,2.07183949587083,292.909090909091
"282",10686,"F",2.28855836240617,0.809496924971644,"RWT","Y",2007,2008,"spring",1,"KL",1,2008-05-15,2.26018854094999,0
"283",8330,"F",-1.3879276719483,-0.385356726618885,"RWT","A",2005,2008,"spring",3,"KL",1,2008-05-15,2.44853758602916,400.153846153846
"284",8385,"F",2.28422119494382,0.669606561184342,"RWT","Y",2007,2008,"spring",1,"KL",1,2008-05-15,1.88349045079166,0
"285",10178,"M",1.70385059237129,0.530994029469919,"RWT","A",2005,2008,"spring",3,"KL",1,2008-05-15,2.07183949587083,513.636363636364
"286",10137,"F",2.70215274444292,0.95003024774556,"RWT","A",2005,2008,"spring",3,"KL",1,2008-05-17,1.31844331555416,408.285714285714
"287",10176,"M",2.59499642953198,0.685978701911081,"RWT","A",2005,2008,"spring",3,"KL",1,2008-05-17,1.69514140571249,188.666666666667
"288",10317,"F",3.0707069056467,-0.00175584338673659,"RWT","A",2006,2008,"spring",2,"KL",1,2008-05-17,2.44853758602916,160.846153846154
"289",8386,"M",2.50881337686541,1.00035017225148,"RWT","Y",2007,2008,"spring",1,"KL",1,2008-05-18,1.69514140571249,0
"290",10342,"F",0.533736904421486,0.791729567097146,"RWT","Y",2007,2008,"spring",1,"KL",1,2008-05-19,1.31844331555416,202.857142857143
"291",10181,"F",-0.137214450713531,0.403402766497934,"RWT","A",2005,2008,"spring",3,"KL",1,2008-05-19,1.69514140571249,0
"292",8413,"M",-0.319496126004511,0.661614540324031,"RWT","Y",2007,2008,"spring",1,"KL",1,2008-05-19,2.82523567618749,0
"293",8483,"F",3.00501530592217,1.51536883198205,"RWT","Y",2007,2008,"spring",1,"KL",1,2008-05-19,1.31844331555416,0
"294",10374,"F",-0.768244020308618,0.482300538352629,"RWT","Y",2007,2008,"spring",1,"KL",1,2008-05-19,1.88349045079166,177.3
"295",8703,"M",-0.504943644677756,0.412506268713111,"RWT","A",2005,2008,"spring",3,"KL",1,2008-05-19,2.07183949587083,291.818181818182
"296",10285,"F",-0.527719538718204,1.47573017155534,"RWT","Y",2007,2008,"spring",1,"KL",1,2008-05-20,1.69514140571249,0
"297",10146,"M",1.54130541051542,0.824817694178542,"RWT","A",2005,2008,"spring",3,"KL",1,2008-05-20,2.26018854094999,200.25
"298",13680,"M",0.147926820338858,1.46812445960508,"RWT","A",2005,2008,"spring",3,"KL",1,2008-05-20,1.130094270475,157.5
"299",10375,"F",-1.79405783658571,0.671326460041672,"RWT","Y",2007,2008,"spring",1,"KL",1,2008-05-20,0.94174522539583,0
"300",10050,"M",0.0150086704769747,2.27262618174059,"RWT","Y",2007,2008,"spring",1,"KL",1,2008-05-21,1.130094270475,187.666666666667
"301",10736,"M",2.27022831190054,-2.69093029371732,"RWT","Y",2007,2008,"spring",1,"KL",1,2008-05-21,0.94174522539583,0
"302",8619,"F",-1.86242477468758,0.346400766326688,"RWT","A",2005,2008,"spring",3,"KL",1,2008-05-21,1.130094270475,0
"303",10722,"F",1.74474409293482,-0.642326989543191,"RWT","A",2006,2008,"spring",2,"KL",1,2008-05-24,0.94174522539583,0
"304",8304,"M",2.43660069292208,-1.8781074409072,"RWT","Y",2007,2008,"spring",1,"KL",1,2008-05-26,0.565047135237498,0
"305",8299,"M",-0.921942560719094,0.922351176565211,"RWT","A",2006,2008,"spring",2,"KL",1,2008-05-26,1.130094270475,0
"306",8734,"M",-1.41314281016386,1.29823265180178,"RWT","A",2003,2008,"summer",5,"AG",3,2008-06-24,2.44853758602916,377.307692307692
"307",10646,"F",-1.10915678435101,1.12401270885733,"RWT","A",2005,2008,"summer",3,"AG",1,2008-06-26,2.07183949587083,0
"308",8468,"F",-1.35904546857165,0.134378033478422,"RWT","A",2004,2008,"summer",4,"AG",1,2008-06-26,3.57863185650416,0
"309",10219,"F",-1.61075380181413,0.735998498251534,"RWT","A",2006,2008,"summer",2,"AG",1,2008-06-30,3.20193376634582,231.823529411765
"310",10081,"F",-1.98217056675366,0.68565713224514,"RWT","A",2005,2008,"summer",3,"AG",1,2008-06-30,2.63688663110833,0
"311",10100,"M",-0.926743213521994,1.30756205444246,"RWT","A",2004,2008,"summer",4,"AG",3,2008-06-30,3.57863185650416,217.631578947368
"312",10344,"F",0.40097946935796,2.21884329017912,"RWT","Y",2007,2008,"summer",1,"AG",1,2008-07-01,2.26018854094999,58.75
"313",10270,"F",-0.453014360643376,0.65180578445815,"RWT","Y",2007,2008,"summer",1,"AG",1,2008-07-02,3.57863185650416,201.263157894737
"314",8720,"F",-0.687369451724455,0.725591642511454,"RWT","Y",2007,2008,"summer",1,"AG",1,2008-07-02,3.39028281142499,65.4444444444444
"315",10355,"M",0.0313557715383479,1.5009408023882,"RWT","Y",2007,2008,"summer",1,"AG",1,2008-07-02,3.57863185650416,60.4736842105263
"316",10627,"F",-1.02428123708312,0.614137656503585,"RWT","Y",2007,2008,"summer",1,"AG",1,2008-07-03,3.20193376634582,0
"317",10112,"F",-1.98481204331896,0.52397092169896,"RWT","A",2005,2008,"summer",3,"AG",2,2008-07-03,3.20193376634582,280.294117647059
"318",10606,"M",-2.35275601847723,0.179560662456611,"RWT","A",2004,2008,"summer",4,"AG",3,2008-07-03,3.20193376634582,285.588235294118
"319",8755,"M",-2.60453662963049,0.0634557036167863,"RWT","A",2004,2008,"summer",4,"AG",3,2008-07-05,2.44853758602916,301.692307692308
"320",10216,"M",0.745286437699041,1.77318953341011,"RWT","A",2006,2008,"summer",2,"AG",1,2008-07-07,3.20193376634582,252.352941176471
"321",10112,"F",-1.51786009996394,0.576554443585537,"RWT","A",2005,2008,"summer",3,"AG",3,2008-07-07,3.20193376634582,280.294117647059
"322",10606,"M",0.314886702749287,1.48777701165205,"RWT","A",2004,2008,"summer",4,"AG",4,2008-07-07,3.20193376634582,285.588235294118
"323",10353,"F",1.48227202758786,1.12055677884031,"RWT","Y",2007,2008,"summer",1,"AG",1,2008-07-08,3.01358472126666,81
"324",10213,"F",-2.648646853508,-0.126759448551673,"RWT","A",2006,2008,"summer",2,"AG",1,2008-07-08,2.82523567618749,195.733333333333
"325",8662,"F",-0.351756626856288,0.897317104982078,"RWT","Y",2007,2008,"summer",1,"AG",1,2008-07-08,3.20193376634582,194.352941176471
"326",10352,"F",1.07678558251053,-0.30803356847177,"RWT","Y",2007,2008,"summer",1,"AG",1,2008-07-08,3.01358472126666,170
"327",10167,"F",0.829387492022795,0.877347224307333,"RWT","A",2004,2008,"summer",4,"AG",3,2008-07-13,2.63688663110833,75.9285714285714
"328",10390,"F",-0.804977885664155,-0.1072422098655,"RWT","Y",2007,2008,"summer",1,"AG",1,2008-07-13,2.07183949587083,209.818181818182
"329",10403,"M",1.49262162316558,-0.680205806068461,"RWT","Y",2007,2008,"summer",1,"AG",1,2008-07-14,1.88349045079166,241.3
"330",10313,"M",1.81866216260382,0.76597287038005,"RWT","A",2006,2008,"summer",2,"AG",1,2008-07-14,1.31844331555416,202.714285714286
"331",10259,"M",-0.944478202053604,0.869625472032801,"RWT","A",2006,2008,"summer",2,"AG",1,2008-07-14,2.26018854094999,277.916666666667
"332",10399,"F",-1.10022617151492,0.385353496001978,"RWT","Y",2007,2008,"summer",1,"AG",1,2008-07-14,1.31844331555416,251.857142857143
"333",10649,"M",-1.11752032828449,0.626570574620807,"RWT","A",2004,2008,"summer",4,"AG",3,2008-07-14,2.82523567618749,296.6
"334",10368,"M",0.647148913210389,1.56715337839534,"RWT","Y",2007,2008,"summer",1,"AG",1,2008-07-15,3.57863185650416,73.2105263157895
"335",10678,"M",-0.182179025798577,1.49231467980111,"RWT","Y",2007,2008,"summer",1,"AG",1,2008-07-16,1.88349045079166,39.7
"336",10402,"F",-0.910586630093241,0.49128843275396,"RWT","Y",2007,2008,"summer",1,"AG",1,2008-07-16,2.07183949587083,0
"337",8690,"F",-0.92850484150379,0.881770624900851,"RWT","Y",2007,2008,"summer",1,"AG",1,2008-07-16,2.44853758602916,84.4615384615385
"338",10467,"F",1.69164913310269,0.108982087478562,"RWT","Y",2007,2008,"summer",1,"AG",1,2008-07-16,2.07183949587083,0
"339",10407,"F",2.0086089335743,-0.05860514787039,"RWT","Y",2007,2008,"summer",1,"AG",1,2008-07-17,2.82523567618749,149.8
"340",11636,"M",0.429447480980013,1.84865454258075,"RWT","A",2006,2008,"summer",2,"AG",1,2008-07-17,2.63688663110833,62
"341",10751,"M",0.520979669972867,1.52445716757288,"RWT","Y",2007,2008,"summer",1,"AG",1,2008-07-17,3.39028281142499,196.722222222222
"342",8813,"F",0.689702799956081,-0.206988987462753,"RWT","Y",2007,2008,"summer",1,"AG",1,2008-07-17,2.26018854094999,117.333333333333
"343",8663,"F",-0.937996959278692,0.494620240689825,"RWT","A",2003,2008,"summer",5,"AG",2,2008-07-17,3.39028281142499,190.444444444444
"344",8726,"F",2.46855368187721,-1.10879798491316,"RWT","Y",2007,2008,"summer",1,"AG",1,2008-07-23,3.20193376634582,67.2941176470588
"345",8656,"F",-2.31204139302065,0.131273317981988,"RWT","A",2006,2008,"summer",2,"AG",1,2008-07-23,2.82523567618749,216.266666666667
"346",10389,"M",0.222702786856334,0.0995048808702112,"RWT","Y",2007,2008,"summer",1,"AG",1,2008-07-23,3.39028281142499,199.444444444444
"347",10406,"M",-1.13656115332743,0.707398181368502,"RWT","Y",2007,2008,"summer",1,"AG",1,2008-07-24,2.44853758602916,182
"348",8745,"M",2.43489707284035,1.05608067779821,"RWT","A",2005,2008,"summer",3,"KL",2,2008-08-05,2.44853758602916,375.307692307692
"349",11161,"M",1.75423296688969,2.07225240021797,"RWT","A",2007,2009,"spring",2,"KL",1,2009-05-27,1.130094270475,0
"350",10178,"M",-0.486892351194672,-0.389529817659416,"RWT","A",2005,2009,"spring",4,"KL",2,2009-05-27,0.753396180316664,136.5
"351",8745,"M",0.626788654298882,0.38982067444791,"RWT","A",2005,2009,"spring",4,"KL",3,2009-05-27,1.69514140571249,184.777777777778
"352",10177,"M",0.479610829994327,0.951228758347857,"RWT","A",2005,2009,"spring",4,"KL",2,2009-05-30,1.31844331555416,300.714285714286
"353",10642,"M",0.230844794680842,0.296000731766809,"RWT","A",2007,2009,"spring",2,"KL",2,2009-05-30,1.130094270475,200.5
"354",10322,"M",-3.04880821083179,-0.293379244558802,"RWT","A",2006,2009,"spring",3,"KL",2,2009-05-30,1.88349045079166,136.8
"355",11176,"F",0.426963208589932,-0.290736008213933,"RWT","Y",2008,2009,"spring",1,"KL",1,2009-05-31,1.50679236063333,0
"356",10341,"M",-0.787245684014502,2.09315092392944,"RWT","A",2007,2009,"spring",2,"KL",2,2009-05-31,2.07183949587083,290.272727272727
"357",10136,"M",-1.58403690149867,0.570934387638252,"RWT","A",2005,2009,"spring",4,"KL",2,2009-05-31,1.31844331555416,234.428571428571
"358",10342,"F",-2.05664208999041,0.468187908377542,"RWT","A",2007,2009,"spring",2,"KL",2,2009-05-31,1.50679236063333,448.625
"359",11201,"M",1.60403834040791,0.15579839516717,"RWT","Y",2008,2009,"summer",1,"KL",1,2009-06-02,1.50679236063333,0
"360",11177,"F",0.816851766504358,0.228353204784043,"RWT","Y",2008,2009,"summer",1,"KL",1,2009-06-04,1.31844331555416,234
"361",10318,"F",1.42852230966993,-2.25839858265488,"RWT","A",2006,2009,"summer",3,"KL",1,2009-06-04,1.50679236063333,444.875
"362",8540,"M",-1.16353238977181,0.288167653716942,"RWT","Y",2007,2008,"summer",1,"AG",1,2009-06-05,3.01358472126666,0
"363",10749,"M",-1.71137112846968,0.768596347411766,"RWT","A",2002,2008,"summer",6,"AG",3,2009-06-05,2.82523567618749,300
"364",10265,"F",2.38415558175777,0.479739850857704,"RWT","A",2005,2009,"summer",4,"KL",2,2009-06-06,0.565047135237498,554.333333333333
"365",11489,"F",-0.487417516322191,1.17854632619406,"RWT","A",2007,2009,"summer",2,"KL",1,2009-06-06,0.565047135237498,0
"366",10375,"F",-0.999003107792704,0.188914008918872,"RWT","A",2007,2009,"summer",2,"KL",2,2009-06-06,0.94174522539583,200.6
"367",10374,"F",-0.748166752099689,-0.703717189196543,"RWT","A",2007,2009,"summer",2,"KL",2,2009-06-07,1.130094270475,280.5
"368",10960,"F",-2.63137469198872,-0.0610203620670468,"RWT","A",2007,2009,"summer",2,"AG",1,2009-06-08,2.44853758602916,268.230769230769
"369",13692,"F",0.124310838049483,2.04816856194413,"RWT","A",2007,2009,"summer",2,"AG",1,2009-06-08,2.44853758602916,189
"370",10461,"F",2.35463156398294,0.490324070130117,"RWT","Y",2008,2009,"summer",1,"KL",1,2009-06-10,1.130094270475,0
"371",10588,"M",-1.18651189083061,0.434978791464825,"RWT","Y",2008,2009,"summer",1,"KL",1,2009-06-10,1.50679236063333,0
"372",10212,"M",2.06311457567786,0.227998406434132,"RWT","A",2006,2009,"summer",3,"KL",2,2009-06-10,1.50679236063333,227.75
"373",10377,"F",1.48083672106758,0.0599904113139557,"RWT","A",2007,2009,"summer",2,"KL",2,2009-06-11,0.753396180316664,111
"374",11203,"M",2.31467628152978,-0.515727911339929,"RWT","Y",2008,2009,"summer",1,"KL",1,2009-06-11,1.50679236063333,0
"375",8776,"F",-1.84522552180769,0.484406631086442,"RWT","Y",2008,2009,"summer",1,"AG",1,2009-06-13,2.26018854094999,0
"376",10119,"F",-0.951842330312084,0.291073563278092,"RWT","A",2005,2009,"summer",4,"AG",1,2009-06-13,2.82523567618749,293.466666666667
"377",10646,"F",-0.532351837201591,0.671205387327431,"RWT","A",2005,2009,"summer",4,"AG",2,2009-06-13,1.50679236063333,182.5
"378",10147,"M",1.94233278300574,-3.01284725777064,"RWT","A",2005,2009,"summer",4,"KL",2,2009-06-18,1.130094270475,357.666666666667
"379",11882,"M",-0.71085135600904,0.623742383251557,"RWT","A",2007,2009,"summer",2,"KL",1,2009-06-18,1.130094270475,0
"380",10192,"M",1.60622969756589,1.720482505291,"RWT","A",2004,2009,"summer",5,"KL",2,2009-06-19,2.07183949587083,505.5
"381",10183,"F",0.623838416660233,1.25055848948904,"RWT","A",2005,2009,"summer",4,"KL",2,2009-06-19,1.31844331555416,0
"382",11636,"M",-0.859680578150318,0.841423441154815,"RWT","A",2006,2009,"summer",3,"AG",2,2009-06-22,1.88349045079166,182.5
"383",10758,"M",1.65313107768795,1.11215751288367,"RWT","Y",2008,2009,"summer",1,"AG",1,2009-06-22,2.07183949587083,0
"384",10303,"M",1.83836517820984,-0.206571572055772,"RWT","A",2006,2009,"summer",3,"AG",1,2009-06-23,2.26018854094999,382.916666666667
"385",11198,"F",-0.790691700260924,0.893246740762944,"RWT","Y",2008,2009,"summer",1,"AG",1,2009-06-23,2.82523567618749,288.6
"386",10216,"M",-0.518297284250142,-1.01192488621742,"RWT","A",2006,2009,"summer",3,"AG",2,2009-06-23,2.26018854094999,424.75
"387",10100,"M",-0.75921996093939,0.927678470700232,"RWT","A",2004,2009,"summer",5,"AG",4,2009-06-23,2.82523567618749,428.733333333333
"388",10724,"M",1.44399976232962,0.221079732839977,"RWT","A",2007,2009,"summer",2,"KL",2,2009-06-24,0.753396180316664,182.5
"389",10145,"F",0.933040366628867,0.217112499942232,"RWT","A",2005,2009,"summer",4,"AG",2,2009-06-24,2.07183949587083,416.272727272727
"390",10828,"M",0.36746011721104,0.253891073242033,"RWT","Y",2008,2009,"summer",1,"AG",1,2009-06-24,2.63688663110833,0
"391",10759,"F",1.47011711402369,1.20165833893242,"RWT","Y",2008,2009,"summer",1,"KL",1,2009-06-25,1.130094270475,0
"392",10138,"M",-1.51907819098079,0.876795233529471,"RWT","A",2005,2009,"summer",4,"KL",3,2009-06-25,1.69514140571249,141.777777777778
"393",10579,"M",-0.413284437417726,0.221913986718365,"RWT","Y",2008,2009,"summer",1,"KL",1,2009-06-30,1.130094270475,0
"394",10212,"M",0.0185624118195028,0.408811213699077,"RWT","A",2006,2009,"summer",3,"KL",3,2009-07-01,1.50679236063333,227.75
"395",10767,"M",0.0185624118195028,0.408811213699077,"RWT","A",2006,2009,"summer",3,"KL",1,2009-07-01,0,0
"396",10370,"M",-0.730048822930495,0.369728499837879,"RWT","A",2007,2009,"summer",2,"KL",2,2009-07-01,1.88349045079166,163.9
"397",10517,"F",2.62437781306477,1.43291514494263,"RWT","A",2007,2009,"summer",2,"KL",1,2009-07-02,1.31844331555416,0
"398",10318,"F",1.8090016091629,0.0307658175851773,"RWT","A",2006,2009,"summer",3,"KL",2,2009-07-02,1.50679236063333,444.875
"399",13666,"F",-1.53206511029713,1.03832500726342,"RWT","A",2007,2009,"summer",2,"SU",1,2009-07-04,0.753396180316664,188.75
"400",13658,"M",2.65465918729045,-1.7457102415563,"RWT","A",2006,2009,"summer",3,"SU",1,2009-07-07,0.376698090158332,457
"401",10735,"F",0.679040014846841,0.674449224135734,"RWT","A",2007,2009,"summer",2,"SU",1,2009-07-07,0.565047135237498,457
"402",10359,"M",1.65618919675183,-0.0441268451293906,"RWT","A",2006,2009,"summer",3,"SU",1,2009-07-07,0.376698090158332,0
"403",13657,"M",-0.0927121391023417,0.682452908285942,"RWT","A",2007,2009,"summer",2,"SU",1,2009-07-07,0.376698090158332,457
"404",10746,"F",1.03973339437946,-0.191770208045051,"RWT","A",2007,2009,"summer",2,"KL",1,2009-07-07,0.753396180316664,44
"405",10362,"F",1.73920759415637,-0.240320083354252,"RWT","A",2007,2009,"summer",2,"SU",1,2009-07-08,0.753396180316664,368
"406",10160,"F",-0.336898481229434,0.4271308779414,"RWT","A",2005,2009,"summer",4,"SU",2,2009-07-08,1.130094270475,141.166666666667
"407",10325,"M",0.0679503435954841,1.36830087829249,"RWT","A",2007,2009,"summer",2,"SU",1,2009-07-08,1.50679236063333,55.875
"408",10376,"M",2.32109063896229,-3.5419356317479,"RWT","A",2007,2009,"summer",2,"KL",2,2009-07-12,1.50679236063333,0
"409",10361,"M",1.99562497699843,1.51603664742806,"RWT","A",2006,2009,"summer",3,"SU",1,2009-07-13,0.94174522539583,0
"410",11999,"M",1.78667780123732,1.71668969082538,"RWT","A",2007,2009,"summer",2,"SU",1,2009-07-14,0.188349045079166,0
"411",10405,"F",-0.589332020948761,0.297512413080263,"RWT","A",2007,2009,"summer",2,"SU",1,2009-07-14,0.376698090158332,0
"412",10661,"F",3.1927162359068,1.61589716198657,"RWT","A",2007,2009,"summer",2,"SU",1,2009-07-16,0.94174522539583,0
"413",10135,"M",2.57362863234964,1.19049083047234,"RWT","A",2005,2009,"summer",4,"SU",2,2009-07-19,1.130094270475,163
"414",11078,"M",3.41212918844919,1.01300225697386,"RWT","Y",2008,2009,"summer",1,"SU",1,2009-07-20,0.376698090158332,32.5
"415",10343,"M",-0.637607816571867,0.962780850645907,"RWT","A",2007,2009,"summer",2,"SU",1,2009-07-20,1.31844331555416,0
"416",10115,"M",2.24071894640038,0.895888172994958,"RWT","A",2005,2009,"summer",4,"SU",1,2009-07-20,0.94174522539583,411.8
"417",11192,"F",0.645953980815726,0.318798299776991,"RWT","A",2007,2009,"summer",2,"AG",1,2009-07-21,2.82523567618749,183.8
"418",13654,"M",0.0944994052772528,2.56788635913462,"RWT","A",2007,2009,"summer",2,"AG",1,2009-07-21,2.26018854094999,0
"419",11164,"F",-0.755309530671688,0.341887622819835,"RWT","Y",2008,2009,"summer",1,"AG",1,2009-07-21,2.07183949587083,0
"420",10215,"F",-0.785687537835789,0.785158809945435,"RWT","A",2006,2009,"summer",3,"AG",1,2009-07-21,2.07183949587083,39.2727272727273
"421",10184,"F",1.29316032581856,-1.19856654560215,"RWT","A",2006,2009,"summer",3,"KL",2,2009-07-22,0.376698090158332,49.5
"422",10725,"M",1.18534748738396,-0.0111848665961784,"RWT","A",2007,2009,"summer",2,"KL",2,2009-07-22,1.50679236063333,69.75
"423",13653,"F",0.938516299446746,0.10307262709385,"RWT","A",2007,2009,"summer",2,"AG",1,2009-07-22,2.63688663110833,82.2857142857143
"424",13660,"F",-2.5059606165828,-0.111066889914572,"RWT","A",2007,2009,"summer",2,"AG",1,2009-07-22,3.01358472126666,483.1875
"425",10627,"F",-1.33607908710848,0.62670480879304,"RWT","A",2007,2009,"summer",2,"AG",2,2009-07-22,2.26018854094999,311.833333333333
"426",10112,"F",-2.47523306586431,0.683122825454365,"RWT","A",2005,2009,"summer",4,"AG",4,2009-07-22,2.26018854094999,613.416666666667
"427",11210,"F",0.312626402438139,0.97706669361104,"RWT","Y",2008,2009,"summer",1,"AG",1,2009-07-23,2.26018854094999,0
"428",10472,"F",0.072743016492585,0.900740129659383,"RWT","Y",2008,2009,"summer",1,"AG",1,2009-07-23,2.26018854094999,71.5833333333333
"429",10081,"F",-1.45125162977186,0.171180713291553,"RWT","A",2005,2009,"summer",4,"AG",2,2009-07-23,2.26018854094999,310.5
"430",10084,"M",-0.159553482487172,0.313681586326052,"RWT","A",2005,2009,"summer",4,"AG",1,2009-07-25,1.88349045079166,526.9
"431",10364,"M",-2.34739022804366,0.143410560801293,"RWT","A",2007,2009,"summer",2,"AG",1,2009-07-25,2.63688663110833,72.2857142857143
"432",10658,"F",-0.825971858376578,0.319120855501247,"RWT","A",2007,2009,"summer",2,"AG",1,2009-07-25,2.07183949587083,62.6363636363636
"433",10133,"F",0.47104017325145,1.08161221965703,"RWT","A",2005,2009,"summer",4,"SU",2,2009-07-26,0.94174522539583,0
"434",10474,"M",0.502310176155056,0.623908994802417,"RWT","A",2007,2009,"summer",2,"SU",1,2009-07-26,0.565047135237498,0.666666666666667
"435",11171,"F",1.98332358366929,0.566419350128259,"RWT","Y",2008,2009,"summer",1,"KL",1,2009-07-26,1.130094270475,55
"436",11081,"M",0.11618613291584,0.0819476616218582,"RWT","Y",2008,2009,"summer",1,"KL",1,2009-07-27,1.31844331555416,0
"437",10630,"M",-0.743576656581102,-0.144598546835863,"RWT","A",2006,2009,"summer",3,"AG",1,2009-07-28,2.07183949587083,375.818181818182
"438",8776,"F",-2.11889001906449,0.202423677577998,"RWT","Y",2008,2009,"summer",1,"AG",2,2009-07-28,2.26018854094999,0
"439",10564,"M",1.1489463189164,1.04537360311112,"RWT","Y",2008,2009,"summer",1,"AG",1,2009-07-29,2.82523567618749,85.8666666666667
"440",10389,"M",-0.462056396698698,0.525808338785475,"RWT","A",2007,2009,"summer",2,"AG",2,2009-07-29,2.63688663110833,311.428571428571
"441",10760,"M",2.10510946477977,-0.95413698364703,"RWT","A",2006,2009,"summer",3,"KL",2,2009-07-30,1.50679236063333,166.75
"442",10754,"F",-0.0498276867654883,-0.242913057386718,"RWT","Y",2008,2009,"summer",1,"KL",1,2009-07-30,1.31844331555416,92
"443",13664,"M",3.80182626558671,2.54032062132046,"RWT","A",2007,2009,"summer",2,"SU",1,2009-08-09,0.94174522539583,0
"444",11282,"M",3.32632899017889,0.87448387573936,"RWT","Y",2008,2009,"summer",1,"KL",1,2009-08-10,1.88349045079166,0
"445",10185,"M",1.4089692727241,0.866022830597967,"RWT","A",2006,2009,"summer",3,"SU",1,2009-08-11,0.94174522539583,0
"446",12078,"F",2.72516633237903,-0.0200259217995141,"RWT","A",2007,2009,"summer",2,"AG",1,2009-08-13,2.26018854094999,0
"447",10191,"F",-1.49499260811744,0.466112900157353,"RWT","A",2005,2009,"summer",4,"SU",2,2009-08-13,1.130094270475,227
"448",10391,"F",0.0633544047918542,2.99625218741037,"RWT","A",2007,2009,"summer",2,"AG",2,2009-08-13,0,0
"449",10606,"M",-1.75009984415122,0.492506619259569,"RWT","A",2004,2009,"summer",5,"AG",5,2009-08-13,1.88349045079166,622
"450",11256,"F",1.4802486448406,-1.0712994476944,"RWT","Y",2009,2010,"spring",1,"KL",2,2010-05-11,1.69514140571249,191
"451",11254,"F",1.23493087697844,0.583655138375504,"RWT","Y",2009,2010,"spring",1,"KL",2,2010-05-13,1.50679236063333,0
"452",11324,"M",-2.50063031940114,-0.309358254388019,"RWT","Y",2009,2010,"spring",1,"KL",1,2010-05-14,1.130094270475,0
"453",10461,"F",-1.06485428784099,1.70010656508682,"RWT","A",2008,2010,"spring",2,"KL",2,2010-05-20,0.94174522539583,146
"454",10212,"M",2.19363526836126,0.591103811797818,"RWT","A",2006,2010,"spring",4,"KL",4,2010-05-20,1.130094270475,253.333333333333
"455",13123,"M",-1.89971979568073,-0.334812246977211,"RWT","Y",2009,2010,"spring",1,"KL",1,2010-05-20,0.376698090158332,0
"456",11615,"M",-0.842437460508868,-0.582495067544716,"RWT","Y",2009,2010,"spring",1,"KL",1,2010-05-20,1.50679236063333,0
"457",10273,"M",-1.98833055678233,1.08730802067997,"RWT","A",2006,2010,"spring",4,"KL",2,2010-05-20,1.130094270475,0
"458",10588,"M",-0.723030749834246,-2.58394989464252,"RWT","A",2008,2010,"spring",2,"KL",2,2010-05-20,1.50679236063333,182.5
"459",11266,"M",-1.59663251006331,0.771515372235771,"RWT","Y",2009,2010,"spring",1,"KL",1,2010-05-22,0.94174522539583,221.8
"460",10342,"F",-2.24634370409412,2.65590116791689,"RWT","A",2007,2010,"spring",3,"KL",3,2010-05-22,1.130094270475,198.833333333333
"461",10784,"M",-0.332770781213291,0.426115606365502,"RWT","Y",2009,2010,"spring",1,"KL",1,2010-05-23,0.376698090158332,0
"462",10939,"M",0.0830064834762829,-0.0669691427089974,"RWT","Y",2009,2010,"spring",1,"KL",1,2010-05-23,0.565047135237498,0
"463",10828,"M",-2.50789156011164,-0.0786742128272492,"RWT","A",2008,2010,"spring",2,"KL",2,2010-05-23,0.376698090158332,0
"464",11256,"F",-1.71080345711164,1.31755120586868,"RWT","Y",2009,2010,"spring",1,"KL",3,2010-05-23,1.69514140571249,191
"465",10147,"M",-1.87001885161608,0.106446881378719,"RWT","A",2005,2010,"spring",5,"KL",3,2010-05-23,0.188349045079166,1096
"466",8760,"M",3.45456586812253,-0.2264818261012,"RWT","Y",2009,2010,"spring",1,"KL",1,2010-05-24,1.130094270475,0
"467",10531,"M",2.38547755723415,-0.300101375717729,"RWT","A",2008,2010,"spring",2,"KL",1,2010-05-24,1.130094270475,0
"468",10391,"F",-2.20026942428531,2.02275244499819,"RWT","A",2007,2010,"spring",3,"KL",3,2010-05-24,0.188349045079166,0
"469",10273,"M",-3.00287961742073,-0.293959351827878,"RWT","A",2006,2010,"spring",4,"KL",3,2010-05-24,1.130094270475,0
"470",11201,"M",-2.15909915042715,0.100330227130985,"RWT","A",2008,2010,"spring",2,"KL",2,2010-05-25,1.50679236063333,119.625
"471",11882,"M",-0.95923324807961,0.982976879917949,"RWT","A",2007,2010,"spring",3,"KL",2,2010-05-25,0.188349045079166,0
"472",10318,"F",1.69994171206264,-0.994892608468435,"RWT","A",2006,2010,"spring",4,"KL",3,2010-05-26,1.31844331555416,164
"473",10686,"F",-0.174780928985835,-3.92891288915583,"RWT","A",2007,2010,"spring",3,"KL",2,2010-05-27,1.50679236063333,150.5
"474",10177,"M",-2.65663303980248,-0.280875482381378,"RWT","A",2005,2010,"spring",5,"KL",3,2010-05-27,1.31844331555416,332.142857142857
"475",10182,"F",-1.6836955268125,3.40205721386048,"RWT","A",2005,2010,"spring",5,"KL",2,2010-05-28,0.376698090158332,0
"476",11614,"M",-1.55010273711251,2.02214123994033,"RWT","Y",2009,2010,"spring",1,"KL",1,2010-05-29,0.376698090158332,0
"477",10818,"F",0.507754693377975,0.212233042715868,"RWT","A",2008,2010,"spring",2,"KL",1,2010-05-30,1.50679236063333,182.5
"478",11488,"M",-0.661009421089648,0.41472818232314,"RWT","Y",2009,2010,"spring",1,"KL",1,2010-05-30,0.94174522539583,0
"479",10736,"M",0.990845834154303,-0.0625336254315129,"RWT","A",2007,2010,"spring",3,"KL",2,2010-05-30,0.565047135237498,0
"480",11398,"M",2.30875578480462,-3.11792946676265,"RWT","Y",2009,2010,"summer",1,"KL",1,2010-06-01,0.376698090158332,0
"481",11176,"F",1.33058944802331,0.695749945571689,"RWT","A",2008,2010,"summer",2,"KL",2,2010-06-01,1.31844331555416,281.166666666667
"482",11282,"M",1.32769835595194,0.845269719476424,"RWT","A",2008,2010,"summer",2,"KL",2,2010-06-01,1.130094270475,216.666666666667
"483",11460,"M",-0.288099900844433,0.0287361145848128,"RWT","Y",2009,2010,"summer",1,"KL",1,2010-06-01,1.69514140571249,0
"484",10967,"M",-1.5898847755694,-0.457774140815011,"RWT","A",2008,2010,"summer",2,"KL",1,2010-06-02,0.753396180316664,0
"485",11344,"F",-0.806786355833771,0.485442882580429,"RWT","Y",2009,2010,"summer",1,"KL",1,2010-06-02,1.130094270475,0
"486",10736,"M",1.59540374677048,0.509224256528589,"RWT","A",2007,2010,"summer",3,"KL",3,2010-06-02,0.565047135237498,0
"487",10375,"F",-2.08293240981611,0.413259307617517,"RWT","A",2007,2010,"summer",3,"KL",3,2010-06-03,0.753396180316664,252
"488",11537,"F",2.102213805043,-0.317598441039835,"ADK","A",2009,2012,"spring",3,"KL",1,2012-05-12,1.50679236063333,171.5
"489",12462,"F",3.43945404502334,0.418770432599225,"ADK","A",2010,2012,"spring",2,"SU",1,2012-05-12,1.31844331555416,0
"490",10318,"F",1.45822884302584,0.406455827729475,"ADK","A",2006,2012,"spring",6,"KL",4,2012-05-14,3.20193376634582,266.294117647059
"491",11220,"F",2.65471952733663,1.16760876028782,"ADK","A",2010,2012,"spring",2,"KL",1,2012-05-14,2.26018854094999,308.583333333333
"492",12026,"F",2.48285079541128,0.683849517086725,"ADK","A",2010,2012,"spring",2,"SU",1,2012-05-15,2.26018854094999,228.333333333333
"493",11976,"F",3.08901661647683,-0.486298002818969,"ADK","A",2010,2012,"spring",2,"SU",1,2012-05-17,1.31844331555416,256.285714285714
"494",11256,"F",0.958077267250295,-0.301005219082255,"ADK","A",2009,2012,"spring",3,"KL",4,2012-05-20,3.01358472126666,291.375
"495",11897,"F",4.7900749378572,0.450805781788107,"ADK","A",2010,2012,"spring",2,"KL",1,2012-05-20,0.94174522539583,219.6
"496",19267,"F",2.64573364096332,1.08006470626659,"ARM","A",2010,2012,"spring",2,"SU",1,2012-05-20,2.82523567618749,176.8
"497",12623,"F",2.54256404616312,0.206999155373669,"ADK","A",2010,2012,"spring",2,"KL",1,2012-05-21,1.130094270475,167.666666666667
"498",11775,"F",2.67359141115144,0.889242110085726,"ADK","A",2010,2012,"spring",2,"KL",1,2012-05-21,2.44853758602916,271.615384615385
"499",13093,"F",1.34466644098671,-1.60684017748158,"ADK","Y",2011,2012,"spring",1,"SU",1,2012-05-22,2.26018854094999,0
"500",12477,"F",-0.46160868888995,-0.986146000063867,"ADK","A",2010,2012,"spring",2,"SU",1,2012-05-22,1.130094270475,280
"501",11344,"F",0.201057068433785,0.595651032069928,"ADK","A",2009,2012,"spring",3,"KL",2,2012-05-23,1.130094270475,244
"502",11721,"F",-0.443573374474809,-0.116401472842194,"ADK","A",2010,2012,"spring",2,"SU",1,2012-05-23,3.20193376634582,257.818181818182
"503",12003,"F",-1.51068509661848,-0.0351934961903859,"ADK","A",2010,2012,"spring",2,"SU",1,2012-05-23,1.88349045079166,0
"504",12422,"F",1.38581340557361,-0.140918391560511,"ADK","A",2010,2012,"spring",2,"KL",1,2012-05-26,2.07183949587083,260.272727272727
"505",11963,"F",0.756785554048655,-1.68111136118617,"ADK","Y",2011,2012,"spring",1,"SU",1,2012-05-28,1.130094270475,0
"506",12013,"F",-1.47365932012231,-0.604591979808995,"ADK","A",2010,2012,"spring",2,"KL",1,2012-05-28,2.26018854094999,213.5
"507",12513,"F",2.0403203755381,0.0447390109084014,"ADK","A",2010,2012,"spring",2,"KL",1,2012-05-29,2.44853758602916,267.384615384615
"508",11489,"F",-0.147421565996468,0.214925979602003,"ADK","A",2007,2012,"spring",5,"KL",2,2012-05-29,1.50679236063333,199
"509",10918,"F",-0.626773073159163,-0.515679937503325,"ADK","A",2009,2012,"spring",3,"SU",1,2012-05-29,1.31844331555416,240.285714285714
"510",11576,"F",2.08675417226667,-0.625013255179263,"ADK","A",2010,2012,"spring",2,"SU",1,2012-05-29,2.63688663110833,273.428571428571
"511",12423,"F",0.994448832034665,-0.512441679732121,"ADK","A",2010,2012,"spring",2,"KL",1,2012-05-29,1.88349045079166,283.6
"512",13092,"F",-1.18663540225511,-0.251141019453615,"ADK","A",2010,2012,"spring",2,"SU",1,2012-05-29,0.94174522539583,0
"513",12625,"F",2.42667972325367,0.528992442298789,"ADK","A",2010,2012,"spring",2,"KL",1,2012-05-29,1.88349045079166,164.6
"514",12620,"F",-1.63449026740921,-0.753972175780327,"ADK","A",2010,2012,"spring",2,"KL",1,2012-05-29,0.94174522539583,128
"515",13185,"F",1.83264579907551,-0.432703505528773,"ADK","Y",2011,2012,"spring",1,"KL",1,2012-05-31,3.20193376634582,229.647058823529
"516",12435,"F",1.82510812586701,0.00490629574520044,"ADK","A",2010,2012,"spring",2,"SU",1,2012-05-31,1.69514140571249,305.555555555556
"517",13667,"F",-1.36677710811406,-0.171692724169833,"ADK","A",2007,2012,"summer",5,"SU",1,2012-06-03,2.26018854094999,159.833333333333
"518",12303,"F",-1.32608316566212,-0.285536340053788,"ADK","A",2010,2012,"summer",2,"KL",1,2012-06-03,2.63688663110833,268.285714285714
"519",12301,"F",2.11054159283097,-1.04329451244877,"ADK","A",2009,2012,"summer",3,"SU",1,2012-06-11,1.130094270475,244
"520",11953,"F",-0.111168389458686,-1.28271103785479,"ADK","A",2010,2012,"summer",2,"SU",1,2012-06-26,1.50679236063333,183
"521",10654,"F",1.51950927291391,-0.704474036273472,"ADK","A",2010,2012,"summer",2,"SU",1,2012-06-27,1.50679236063333,326.75
"522",11895,"F",0.453303592897963,0.508881855714607,"ADK","A",2010,2012,"summer",2,"KL",1,2012-06-28,1.130094270475,0
"523",13445,"F",1.66902138486348,-0.0412711312179271,"ADK","Y",2011,2012,"summer",1,"KL",1,2012-06-28,1.130094270475,0
"524",10994,"F",0.354204019222037,0.531082707680392,"ADK","Y",2011,2012,"summer",1,"KL",1,2012-07-01,1.69514140571249,0
"525",10342,"F",-0.934802245057872,0.2641661156521,"ADK","A",2007,2012,"summer",5,"KL",4,2012-07-01,2.44853758602916,340.076923076923
"526",13445,"F",-2.08370330257904,0.341480021396189,"ADK","Y",2011,2012,"summer",1,"KL",2,2012-07-02,1.130094270475,0
"527",12827,"F",1.17243134580065,-0.675214996895802,"ADK","A",2010,2012,"summer",2,"KL",1,2012-07-02,1.88349045079166,210.5
"528",11998,"F",1.96157832567083,-0.0783838381153615,"ADK","A",2010,2012,"summer",2,"SU",1,2012-07-04,2.07183949587083,216.545454545455
"529",12973,"F",-0.289887695116834,-2.07253308073804,"ADK","Y",2011,2012,"summer",1,"SU",1,2012-07-04,1.50679236063333,229
"530",11841,"F",1.63461946950252,0.152598721667446,"ADK","A",2010,2012,"summer",2,"KL",1,2012-07-08,1.88349045079166,228.8
"531",10993,"F",-0.135075813427717,-0.517221149345473,"ADK","Y",2011,2012,"summer",1,"KL",1,2012-07-08,2.07183949587083,216.363636363636
"532",12305,"F",1.41957709372992,-0.0203804931468097,"ADK","A",2010,2012,"summer",2,"KL",1,2012-07-10,2.63688663110833,0
"533",10374,"F",-0.0187041369891552,-0.401277006663089,"ADK","A",2007,2012,"summer",5,"KL",3,2012-07-11,2.44853758602916,84.9230769230769
"534",10995,"F",2.42492139428398,0.0978316737622904,"ADK","Y",2011,2012,"summer",1,"KL",1,2012-07-11,2.26018854094999,228.833333333333
"535",12876,"F",1.3311474282343,0.52352214957644,"ADK","Y",2011,2012,"summer",1,"KL",1,2012-07-11,2.63688663110833,215.857142857143
"536",11896,"F",1.33554962644347,0.951509067473736,"ADK","A",2010,2012,"summer",2,"KL",1,2012-07-15,1.50679236063333,268
"537",10818,"F",0.689091733598237,-0.400901890876279,"ADK","A",2008,2012,"summer",4,"KL",2,2012-07-15,2.26018854094999,467.416666666667
"538",12628,"F",0.00145326610118213,-1.44721100801468,"ADK","A",2010,2012,"summer",2,"KL",1,2012-07-15,3.01358472126666,0
"539",12180,"F",-1.12677711875855,-0.32967556811704,"ADK","Y",2011,2012,"summer",1,"SU",1,2012-07-21,1.31844331555416,65.7142857142857
"540",11622,"F",1.04516900415127,-0.199186619832633,"ADK","A",2009,2012,"summer",3,"KL",1,2012-07-28,2.26018854094999,276.75
"541",12703,"F",1.63393579752051,0.208234361427157,"ADK","Y",2011,2012,"summer",1,"KL",1,2012-07-29,2.26018854094999,76.6666666666667
"542",12524,"F",1.62357866906724,-0.493836068279186,"ADK","A",2010,2012,"summer",2,"SU",1,2012-08-11,1.50679236063333,0
"543",11577,"F",0.151191086999469,0.0171581605546923,"ADK","A",2010,2012,"summer",2,"SU",1,2012-08-14,1.69514140571249,61.3333333333333
"544",13287,"M",-0.0519847392792883,-0.564108591077395,"ADK","Y",2012,2013,"spring",1,"KL",3,2013-04-26,2.82523567618749,0
"545",13535,"F",-0.402738246791752,0.0421044395183189,"ADK","Y",2012,2013,"spring",1,"KL",4,2013-04-26,2.44853758602916,168
"546",13499,"F",-0.871929803310484,-0.279179845686509,"ADK","Y",2012,2013,"spring",1,"KL",4,2013-04-26,1.88349045079166,245.7
"547",13288,"F",1.5611480676496,-0.486493993410747,"ADK","Y",2012,2013,"spring",1,"KL",3,2013-04-27,2.82523567618749,0
"548",19257,"F",-1.85594061606068,1.80088243650181,"ADK","Y",2012,2013,"spring",1,"KL",6,2013-04-27,2.07183949587083,248.181818181818
"549",13466,"M",2.61732117095649,-0.868691024896508,"ADK","Y",2012,2013,"spring",1,"KL",1,2013-04-27,2.63688663110833,0
"550",13646,"F",0.954764125987053,0.250926931370113,"ADK","Y",2012,2013,"spring",1,"KL",2,2013-04-29,1.50679236063333,0
"551",13438,"F",1.89447273028214,-1.22558884860352,"ADK","Y",2012,2013,"spring",1,"SU",1,2013-04-29,1.88349045079166,0
"552",12165,"M",-0.39369592598671,-0.4003038763847,"ADK","Y",2012,2013,"spring",1,"SU",3,2013-04-29,0.565047135237498,273
"553",13412,"F",1.96667023477775,-0.352471143097722,"ADK","Y",2012,2013,"spring",1,"KL",1,2013-04-30,2.44853758602916,0
"554",11031,"F",1.52274700868788,0.0539934164948629,"ADK","Y",2012,2013,"spring",1,"SU",3,2013-05-01,2.44853758602916,0
"555",13385,"M",-1.75871139324151,1.6127445695532,"ADK","Y",2012,2013,"spring",1,"SU",2,2013-05-01,1.69514140571249,0
"556",11017,"M",-2.00904384002437,-0.0351634087457921,"ADK","Y",2012,2013,"spring",1,"SU",3,2013-05-01,2.07183949587083,0
"557",13305,"F",-0.967765548796405,0.514383199350973,"ADK","Y",2012,2013,"spring",1,"KL",5,2013-05-03,2.07183949587083,0
"558",12285,"F",2.29273618038061,-0.317855133270617,"ADK","Y",2012,2013,"spring",1,"KL",3,2013-05-04,2.82523567618749,0
"559",12210,"F",-0.148066371613204,0.381109716656091,"ADK","Y",2012,2013,"spring",1,"KL",7,2013-05-05,1.88349045079166,0
"560",13445,"F",-1.13219813745666,0.206684569789574,"ADK","A",2011,2013,"spring",2,"KL",3,2013-05-05,1.31844331555416,0
"561",13366,"F",-1.37564909506764,1.02755143739789,"ADK","Y",2012,2013,"spring",1,"KL",3,2013-05-05,1.31844331555416,78
"562",13332,"F",0.834249496538977,-0.43670431264155,"ADK","Y",2012,2013,"spring",1,"KL",3,2013-05-07,1.88349045079166,0
"563",11020,"F",0.864638930891271,2.22128866467954,"ADK","Y",2012,2013,"spring",1,"KL",1,2013-05-15,3.39028281142499,0
"564",13048,"M",1.20386614931806,-0.445287117154753,"JAH","A",2011,2013,"summer",2,"KL",1,2013-06-03,2.44853758602916,168.461538461538
"565",11945,"M",1.0757357137637,-0.206072026345767,"JAH","A",2010,2013,"summer",3,"SU",1,2013-06-03,1.130094270475,273
"566",13039,"M",2.09100759084443,-1.38969271268167,"JAH","A",2010,2013,"summer",3,"KL",1,2013-06-05,3.57863185650416,350.842105263158
"567",11460,"M",-0.13463701357206,0.41394821860261,"JAH","A",2009,2013,"summer",4,"KL",2,2013-06-06,3.39028281142499,395.611111111111
"568",12657,"M",1.26220955909823,0.705664984748218,"JAH","A",2010,2013,"summer",3,"KL",1,2013-06-06,2.26018854094999,357.416666666667
"569",13179,"M",2.00346090889815,-0.290020148222728,"JAH","A",2011,2013,"summer",2,"KL",1,2013-06-10,1.88349045079166,255.5
"570",12705,"M",0.461328930938356,-0.443596710263847,"JAH","A",2011,2013,"summer",2,"KL",1,2013-06-10,1.88349045079166,0
"571",12825,"M",0.0573892647794009,-0.336580286541817,"JAH","A",2011,2013,"summer",2,"KL",1,2013-06-10,3.57863185650416,259.263157894737
"572",11266,"M",-0.241006497046307,-4.00361603278301,"JAH","A",2009,2013,"summer",4,"KL",2,2013-06-10,1.69514140571249,0
"573",12678,"M",-0.218425236433219,-3.91041599228143,"JAH","A",2010,2013,"summer",3,"KL",1,2013-06-11,1.88349045079166,218.4
"574",12830,"M",0.402321886659192,-0.513912378714969,"JAH","A",2011,2013,"summer",2,"KL",1,2013-06-11,2.26018854094999,0
"575",12007,"M",2.53563120203679,-1.11664617854827,"JAH","A",2010,2013,"summer",3,"KL",1,2013-06-12,1.88349045079166,394.5
"576",12576,"M",1.22683500856747,-1.7210941088617,"JAH","A",2010,2013,"summer",3,"KL",1,2013-06-12,1.69514140571249,0
"577",12018,"M",2.06639718582347,-0.76133231354612,"JAH","A",2010,2013,"summer",3,"KL",1,2013-06-12,1.69514140571249,233.333333333333
"578",13125,"M",1.65932508381232,-2.41690242591146,"JAH","A",2011,2013,"summer",2,"KL",1,2013-06-13,1.31844331555416,208.571428571429
"579",12542,"M",2.56731144205688,-1.08021376884838,"JAH","A",2011,2013,"summer",2,"KL",1,2013-06-13,0.753396180316664,0
"580",12364,"M",2.46417307017035,-1.26950890485633,"JAH","A",2010,2013,"summer",3,"KL",1,2013-06-13,1.69514140571249,406
"581",13179,"M",-0.881140186827921,1.95808708697262,"JAH","A",2011,2014,"summer",3,"KL",2,2014-06-07,2.07183949587083,439.454545454545
"582",12166,"M",-0.621218645285319,2.37881611653233,"JAH","A",2012,2014,"summer",2,"SU",1,2014-06-08,2.26018854094999,0
"583",19884,"M",2.40283016142089,-0.742435141244251,"ARM","Y",2013,2014,"summer",1,"KL",1,2014-06-09,2.07183949587083,0
"584",19901,"M",1.26947774461662,-1.43316911266008,"JAH","Y",2013,2014,"summer",1,"KL",1,2014-06-09,2.82523567618749,0
"585",19880,"M",-1.38114502515852,1.1843623520251,"JAH","A",2012,2014,"summer",2,"KL",1,2014-06-11,1.50679236063333,0
"586",12825,"M",1.4120595099154,1.78690730570708,"JAH","A",2011,2014,"summer",3,"KL",2,2014-06-11,2.44853758602916,217.692307692308
"587",11983,"M",0.974432627225734,0.862508569839358,"JAH","A",2010,2014,"summer",4,"KL",1,2014-06-11,1.130094270475,508.333333333333
"588",19791,"M",2.53389141721471,0.651260422450771,"JAH","Y",2013,2014,"summer",1,"KL",1,2014-06-14,1.69514140571249,132.444444444444
"589",19815,"M",-2.97025091749677,-0.166857757104534,"ARM","Y",2013,2014,"summer",1,"KL",1,2014-06-15,1.31844331555416,0
"590",19748,"M",1.36794235989154,-1.72064869798119,"JAH","A",2012,2014,"summer",2,"KL",1,2014-06-16,1.88349045079166,237.1
"591",19882,"M",0.543228250208399,1.45974992256103,"JAH","A",2012,2014,"summer",2,"KL",1,2014-06-17,2.07183949587083,181.636363636364
"592",12705,"M",-1.94082985021385,0.478522261090774,"JAH","A",2011,2014,"summer",3,"KL",2,2014-06-17,1.50679236063333,176.5
"593",11957,"M",-0.326328684274495,1.41967766983357,"JAH","A",2010,2014,"summer",4,"KL",1,2014-06-18,1.50679236063333,433.5
"594",19654,"M",-1.63759317253652,-0.488767068050774,"JAH","Y",2013,2014,"summer",1,"KL",1,2014-06-18,2.44853758602916,0
"595",13125,"M",1.91505976603765,-0.60331443141404,"JAH","A",2011,2014,"summer",3,"KL",2,2014-06-19,1.130094270475,73.3333333333333
"596",19516,"M",-1.50001599755381,1.30003042527409,"JAH","Y",2013,2014,"summer",1,"KL",1,2014-06-19,0.565047135237498,0
"597",20191,"F",-1.08858834437387,0.157024924040224,"ARM","Y",2014,2015,"summer",1,"KL",1,2015-06-29,5.46212230729582,137.48275862069
"598",20297,"F",-0.0757483159186157,-3.15826595539845,"EBC","Y",2014,2015,"summer",1,"SU",1,2015-07-01,2.63688663110833,159.785714285714
"599",20864,"M",-1.98210353556473,1.51025798959297,"ARM","Y",2014,2015,"summer",1,"KL",1,2015-07-01,5.83882039745415,169.290322580645
"600",20235,"M",-1.93992694046649,0.397403030046958,"ARM","Y",2014,2015,"summer",1,"SU",1,2015-07-07,3.20193376634582,147.647058823529
"601",20059,"F",-1.20582803113173,0.107278551399071,"ARM","Y",2014,2015,"summer",1,"SU",1,2015-07-10,2.82523567618749,215.133333333333
"602",21350,"F",-2.30115400921675,-0.103644228811132,"ARM","A",2014,2017,"spring",3,"KL",1,2017-05-17,3.01358472126666,462.125
"603",11576,"F",0.0156676680345186,-0.237972481313337,"ARM","A",2010,2017,"spring",7,"SU",2,2017-05-20,3.20193376634582,892.529411764706
"604",21058,"F",-1.59079035366235,0.187330608290337,"ARM","A",2014,2017,"spring",3,"KL",1,2017-05-20,3.76698090158332,685.6
"605",19611,"F",-1.29007782723803,-0.324737731519203,"ARM","A",2013,2017,"spring",4,"SU",1,2017-05-21,0.94174522539583,738.4
"606",21227,"F",-0.984399365101073,0.246445133414966,"ARM","A",2014,2017,"spring",3,"KL",1,2017-05-21,2.26018854094999,692.5
"607",19846,"F",0.828570827776426,-1.19649547680651,"ARM","A",2013,2017,"spring",4,"KL",1,2017-05-21,1.69514140571249,689.888888888889
"608",13438,"F",0.455506007989628,-0.209090350243633,"ARM","A",2012,2017,"spring",5,"SU",2,2017-05-21,2.82523567618749,536.066666666667
"609",20191,"F",-2.11110987353616,-0.193837032908786,"ARM","A",2014,2017,"spring",3,"KL",2,2017-05-21,3.20193376634582,631.705882352941
"610",20995,"F",1.69535348627241,1.10479959664371,"ARM","A",2014,2017,"spring",3,"KL",1,2017-05-21,3.39028281142499,324.444444444444
"611",19984,"F",0.495838248430601,-0.901477714590614,"ARM","A",2014,2017,"spring",3,"KL",1,2017-05-21,3.39028281142499,687.888888888889
"612",20732,"F",0.758193288805205,-1.55125896178091,"ARM","A",2014,2017,"spring",3,"KL",1,2017-05-21,2.44853758602916,667.307692307692
"613",20600,"F",-0.0607323505217301,-0.386608069149349,"ARM","A",2014,2017,"spring",3,"SU",1,2017-05-21,1.88349045079166,0
"614",21199,"F",-0.972883790799313,-0.217263612865735,"ARM","A",2014,2017,"spring",3,"KL",1,2017-05-21,1.50679236063333,717
"615",21215,"F",-0.552929482289315,-0.620999655368391,"ARM","A",2014,2017,"spring",3,"KL",1,2017-05-21,3.01358472126666,675.75
"616",21396,"F",1.15472350354543,-2.08094360231382,"ARM","A",2014,2017,"spring",3,"KL",1,2017-05-22,3.20193376634582,0
"617",21273,"F",-0.614148567979821,0.0777252886777741,"ARM","A",2014,2017,"spring",3,"SU",1,2017-05-22,2.82523567618749,591.066666666667
"618",21578,"F",-0.0643545770006773,-0.800917922140162,"ARM","A",2015,2017,"spring",2,"KL",1,2017-05-22,2.26018854094999,448.5
"619",21907,"F",1.78827856386093,0.0290940265836463,"ARM","A",2014,2017,"spring",3,"SU",1,2017-05-22,1.130094270475,0
"620",21342,"F",1.98194954462101,-0.672185123482287,"ARM","A",2014,2017,"spring",3,"KL",1,2017-05-22,2.63688663110833,443.785714285714
"621",20857,"F",-0.0474990926406461,-1.26303869117627,"ARM","A",2014,2017,"spring",3,"KL",1,2017-05-22,3.01358472126666,258.375
"622",21921,"F",-0.218733578800782,-0.947537364314929,"ARM","A",2014,2017,"spring",3,"SU",1,2017-05-22,0.94174522539583,712.6
"623",12972,"F",-0.624802682485205,-0.453882917502472,"ARM","A",2011,2017,"spring",6,"SU",1,2017-05-22,1.50679236063333,354
"624",19583,"F",-2.4369742343978,0.270331752580191,"ARM","A",2013,2017,"spring",4,"KL",1,2017-05-22,1.69514140571249,601.222222222222
"625",20920,"F",-0.719157914798153,-1.70365962895455,"ARM","A",2014,2017,"spring",3,"KL",1,2017-05-22,3.95532994666249,484.904761904762
"626",22008,"F",1.63303870621392,-0.920358789625736,"ARM","A",2014,2017,"spring",3,"KL",1,2017-05-22,2.63688663110833,312.857142857143
"627",19766,"F",-1.74238335165132,-0.0510457676430649,"ARM","A",2013,2017,"spring",4,"KL",1,2017-05-22,3.01358472126666,205.3125
"628",20044,"F",-1.60397496297584,-0.133536084266424,"ARM","A",2013,2017,"spring",4,"SU",1,2017-05-22,0.565047135237498,243.666666666667
"629",21984,"F",-2.11475666453331,-0.269878402864706,"ARM","A",2014,2017,"spring",3,"SU",1,2017-05-22,1.31844331555416,273.857142857143
"630",22117,"F",-2.24704369015435,-0.242870449372906,"ARM","A",2015,2017,"spring",2,"KL",1,2017-05-22,1.88349045079166,193.6
"631",11998,"F",-2.48863233459161,-0.0223822070292031,"ARM","A",2010,2017,"spring",7,"SU",2,2017-05-22,2.63688663110833,515.571428571429
"632",20688,"F",-1.21267032201669,0.175917033926907,"ARM","A",2014,2017,"spring",3,"KL",2,2017-05-22,3.01358472126666,576.625
"633",21910,"F",1.25229801224694,-2.17601900631624,"ARM","A",2014,2017,"spring",3,"KL",1,2017-05-23,2.63688663110833,548.214285714286
"634",19809,"F",0.166308815074445,-1.21179755109021,"ARM","A",2013,2017,"spring",4,"KL",1,2017-05-23,1.88349045079166,643
"635",21382,"F",-1.87699452788448,-0.518159107138746,"ARM","A",2013,2017,"spring",4,"KL",1,2017-05-23,3.39028281142499,0
"636",12180,"F",-0.0378377176437895,-0.488190321548258,"ARM","A",2011,2017,"spring",6,"SU",2,2017-05-23,1.50679236063333,336
"637",21137,"F",-0.831980387965162,-0.154430161021454,"ARM","A",2014,2017,"spring",3,"KL",1,2017-05-23,2.07183949587083,709.090909090909
"638",21075,"F",-0.527194257772634,-0.481772592749022,"ARM","A",2014,2017,"spring",3,"KL",1,2017-05-23,2.63688663110833,597.285714285714
"639",22016,"F",-0.140463777191179,-1.82443700829176,"ARM","A",2015,2017,"spring",2,"KL",1,2017-05-23,1.88349045079166,230.9
"640",21366,"F",0.39086020848777,-1.14883995846138,"ARM","A",2014,2017,"spring",3,"KL",1,2017-05-23,2.07183949587083,0
"641",21155,"F",0.805635859494924,-1.19294448550848,"ARM","A",2014,2017,"spring",3,"KL",1,2017-05-23,1.130094270475,465.166666666667
"642",20632,"F",-1.92674008073341,0.671556418698943,"ARM","A",2014,2017,"spring",3,"KL",1,2017-05-23,3.57863185650416,478.263157894737
"643",12012,"F",-1.66071264686063,-3.50306439163738,"ARM","A",2011,2017,"spring",6,"KL",1,2017-05-23,2.07183949587083,287.454545454545
"644",12003,"F",-2.23788893740059,0.569785155403087,"ARM","A",2010,2017,"spring",7,"SU",2,2017-05-23,2.44853758602916,759.307692307692
"645",13445,"F",-1.76511095067371,0.11577075624248,"ARM","A",2011,2017,"spring",6,"KL",4,2017-05-23,1.50679236063333,319.375
"646",21578,"F",-1.93200336499712,-0.734273654680109,"ARM","A",2015,2017,"spring",2,"KL",2,2017-05-24,2.26018854094999,448.5
"647",20865,"F",-2.14226490773607,0.376681472855413,"ARM","A",2014,2017,"spring",3,"KL",1,2017-05-26,3.20193376634582,667.176470588235
"648",20948,"F",0.93677472031468,-0.60305205009592,"ARM","A",2014,2017,"spring",3,"SU",1,2017-05-26,2.44853758602916,0
"649",21169,"F",1.38544279239515,-0.849051906642989,"ARM","A",2014,2017,"spring",3,"SU",1,2017-05-26,2.26018854094999,543.090909090909
"650",21488,"F",-2.54406000545131,0.0615750584811687,"ARM","A",2014,2017,"spring",3,"SU",1,2017-05-26,2.44853758602916,0
"651",22009,"F",-2.2917918395028,1.72578520764737,"ARM","A",2014,2017,"spring",3,"KL",1,2017-05-26,2.07183949587083,0
"652",20061,"F",-2.77098553117064,-0.723481311291938,"ARM","A",2014,2017,"spring",3,"SU",1,2017-05-26,0.94174522539583,420.2
"653",19742,"F",-0.759815258170703,-0.976649231786798,"ARM","A",2013,2017,"summer",4,"SU",1,2017-06-23,2.44853758602916,790.615384615385
"654",20836,"M",-1.64243740507556,-0.0488417334071419,"ARM","A",2013,2018,"spring",5,"KL",1,2018-05-14,2.63688663110833,997.571428571429
"655",23054,"F",-1.78699953847702,0.562740330064329,"ARM","Y",2017,2018,"spring",1,"KL",3,2018-05-15,2.44853758602916,0
"656",22640,"F",-1.87660864967707,0.0925213717706074,"ARM","Y",2017,2018,"spring",1,"KL",3,2018-05-15,3.01358472126666,255.9375
"657",22890,"F",0.529630148705198,0.817448568042146,"ARM","Y",2017,2018,"spring",1,"KL",3,2018-05-15,2.63688663110833,0
"658",22758,"F",-1.81254702868918,-3.04946275938996,"ARM","Y",2017,2018,"spring",1,"KL",3,2018-05-15,1.88349045079166,0
"659",23052,"F",-2.05863299347114,-2.79238050633366,"ARM","Y",2017,2018,"spring",1,"SU",3,2018-05-19,2.26018854094999,0
"660",22865,"F",-2.00072256285936,0.00567814054083998,"ARM","Y",2017,2018,"spring",1,"KL",3,2018-05-20,2.26018854094999,227.5
"661",21603,"M",0.615681110169922,-0.38658852642035,"ZOG","A",2015,2018,"summer",3,"AG",1,2018-06-30,3.20193376634582,107.352941176471
"662",20838,"M",-0.629373947620666,-0.365956382885735,"ZOG","A",2014,2018,"summer",4,"AG",1,2018-06-30,2.07183949587083,398.272727272727
"663",21923,"M",-0.407553023435382,-0.135138753140367,"ZOG","A",2014,2018,"summer",4,"AG",1,2018-06-30,2.63688663110833,312.928571428571
"664",22251,"M",-0.240986903272085,-3.9549689390738,"ZOG","A",2016,2018,"summer",2,"AG",1,2018-07-04,3.20193376634582,171.764705882353
"665",13023,"F",-2.21246362103046,0.000583851098168067,"ZOG","A",2011,2018,"summer",7,"AG",1,2018-07-04,2.82523567618749,156.428571428571
"666",22021,"F",-0.708795231116997,-1.07975342620329,"ZOG","A",2015,2018,"summer",3,"AG",1,2018-07-05,3.20193376634582,343.529411764706
"667",21085,"M",0.908313562355859,-0.985935942938686,"ZOG","A",2014,2018,"summer",4,"AG",1,2018-07-05,2.63688663110833,515.142857142857
"668",13579,"F",0.839626672756494,-1.2635108727289,"ZOG","A",2012,2018,"summer",6,"AG",1,2018-07-07,3.39028281142499,162.222222222222
"669",21246,"F",-0.177566927350009,-1.55426039885566,"ZOG","A",2014,2018,"summer",4,"AG",1,2018-07-08,0,0
"670",22200,"F",-0.420932782406391,-0.636156575279148,"ZOG","A",2016,2018,"summer",2,"AG",1,2018-07-08,3.95532994666249,191.190476190476
"671",20255,"F",-1.76225978106304,-0.293950319712974,"ZOG","A",2014,2018,"summer",4,"AG",1,2018-07-08,2.82523567618749,194.666666666667
"672",22352,"F",0.411759422203416,-0.830476402922305,"ZOG","A",2016,2018,"summer",2,"AG",1,2018-07-09,3.01358472126666,228.125
"673",22428,"M",1.13138793702963,0.712433925745303,"ZOG","A",2015,2018,"summer",3,"AG",1,2018-07-09,0,0
"674",21556,"M",0.401359975274953,-0.727046555701397,"ZOG","A",2015,2018,"summer",3,"AG",1,2018-07-09,2.07183949587083,414.363636363636
"675",20415,"F",-0.436187697704191,-1.03445319867936,"ZOG","A",2014,2018,"summer",4,"AG",1,2018-07-09,1.88349045079166,0
"676",21583,"F",1.18300069444469,-1.02930993070548,"ZOG","A",2014,2018,"summer",4,"AG",1,2018-07-11,1.50679236063333,388
"677",22497,"F",0.399727134396885,-0.349253178918963,"ZOG","A",2016,2018,"summer",2,"AG",1,2018-07-11,0,0
"678",21599,"M",1.32163813635054,-2.15993672398879,"ZOG","A",2015,2018,"summer",3,"AG",1,2018-07-14,3.57863185650416,451.368421052632
"679",20184,"F",-0.984432004183577,-1.23312671043724,"ZOG","A",2014,2018,"summer",4,"AG",1,2018-07-14,1.88349045079166,182.5
"680",20307,"M",1.73192269704658,0.23160988996786,"ZOG","A",2014,2018,"summer",4,"AG",1,2018-07-15,2.63688663110833,0
"681",20231,"F",1.0963816801075,-2.156905582741,"ZOG","A",2014,2018,"summer",4,"AG",1,2018-07-15,3.20193376634582,316.764705882353
"682",22150,"M",-1.14723171685662,-0.272756900497479,"ZOG","A",2016,2018,"summer",2,"AG",1,2018-07-15,3.20193376634582,193.235294117647
"683",13141,"M",-1.28282180333728,-0.318134336356886,"ZOG","A",2012,2018,"summer",6,"AG",1,2018-07-15,3.20193376634582,263.058823529412
"684",21880,"F",-0.220921477152379,-3.97709282633848,"ZOG","A",2014,2018,"summer",4,"AG",1,2018-07-15,0,0
"685",22569,"M",1.35499794255594,-1.49416997769092,"ZOG","Y",2017,2018,"summer",1,"AG",1,2018-07-17,3.01358472126666,0
"686",21435,"M",-0.512078894624448,-0.422595474108949,"ZOG","A",2014,2018,"summer",4,"AG",1,2018-07-17,0,0
"687",21930,"M",0.635761873477286,-0.168544015611308,"ZOG","A",2014,2018,"summer",4,"AG",1,2018-07-18,0,0
"688",22389,"M",0.750810488972018,-0.296302665659397,"ZOG","A",2015,2018,"summer",3,"AG",1,2018-07-18,0,0
"689",22052,"M",0.197618196774934,-0.641094206190191,"ZOG","A",2015,2018,"summer",3,"AG",1,2018-07-18,0,0
"690",13142,"M",-0.952666590451416,-0.778688611319444,"ZOG","A",2012,2018,"summer",6,"AG",1,2018-07-18,2.82523567618749,468.533333333333
"691",22759,"F",2.07906958001323,0.0183004640992461,"ARM","Y",2017,2018,"summer",1,"KL",3,2018-07-18,1.50679236063333,57.5
"692",23027,"F",-2.5196357781084,2.1102085215014,"ARM","Y",2017,2018,"summer",1,"KL",3,2018-07-18,3.01358472126666,57.5
"693",22209,"F",0.550769134830611,-0.460608595614698,"ZOG","A",2016,2018,"summer",2,"AG",1,2018-07-19,2.44853758602916,168.461538461538
"694",20863,"F",-0.957333183313392,-0.0101242959272475,"ZOG","A",2014,2018,"summer",4,"AG",1,2018-07-19,3.01358472126666,0
"695",21153,"F",1.05865056207354,-2.70238362161453,"ZOG","A",2014,2018,"summer",4,"AG",1,2018-07-19,3.01358472126666,182.5
"696",22778,"M",0.568121806127783,-0.266633671844453,"ARM","Y",2017,2018,"summer",1,"KL",3,2018-07-19,1.50679236063333,0
"697",23023,"F",0.490978197614711,-1.04789852052996,"ARM","Y",2017,2018,"summer",1,"KL",3,2018-07-21,2.44853758602916,0
"698",22891,"M",2.2997813012573,-1.04928129523364,"ARM","Y",2017,2018,"summer",1,"KL",3,2018-07-21,1.69514140571249,81.7777777777778
"699",19974,"M",-0.182213609931981,-3.99086026557201,"ZOG","A",2014,2018,"summer",4,"AG",1,2018-07-24,2.26018854094999,425.833333333333
"700",19976,"M",-0.152598675341399,-3.95299354527659,"ZOG","A",2014,2018,"summer",4,"AG",1,2018-07-24,2.26018854094999,349.916666666667
"701",19729,"F",0.280023504825748,0.926596426917087,"SRT","A",2014,2019,"summer",5,"JO",1,2019-07-23,0.188349045079166,0
"702",20046,"F",0.578139459356041,-0.156446287237698,"SRT","A",2014,2019,"summer",5,"JO",1,2019-07-24,0,0
"703",21029,"F",1.01506153314354,-0.88465891147517,"SRT","A",2015,2019,"summer",4,"JO",1,2019-07-25,0.188349045079166,0
"704",22602,"F",-0.662917244233923,-1.14018145672584,"SRT","A",2017,2019,"summer",2,"JO",1,2019-07-25,0.188349045079166,0
"705",23858,"F",-0.128185158666516,-1.96414970068092,"SRT","Y",2018,2019,"summer",1,"RR",1,2019-08-05,0,0
"706",23902,"F",1.2334629987755,-0.217254742396325,"SRT","Y",2018,2019,"summer",1,"SU",1,2019-08-06,0,0
"707",23894,"F",-0.604183602350496,-0.674607463784288,"SRT","Y",2018,2019,"summer",1,"SU",1,2019-08-06,0,0
"708",23903,"F",1.78040826047312,-0.211789925750428,"SRT","Y",2018,2019,"summer",1,"SU",1,2019-08-06,0,0
"709",21944,"F",3.08284669385373,-0.96579564129361,"SRT","A",2015,2019,"summer",4,"BT",1,2019-08-12,0.376698090158332,0
"710",23856,"F",1.08675170137361,-0.605324038042713,"SRT","Y",2018,2019,"summer",1,"RR",1,2019-08-14,0,0
"711",20760,"F",0.785213204595197,0.588921414338253,"SRT","A",2015,2019,"summer",4,"JO",1,2019-08-21,0.188349045079166,47
"712",21465,"F",0.460565544549338,-0.436830522954549,"SRT","A",2015,2019,"summer",4,"JO",1,2019-08-22,0.188349045079166,99
"713",23201,"F",0.899821100575033,0.145632038192561,"SRT","Y",2018,2019,"summer",1,"JO",1,2019-08-27,0.188349045079166,0
"714",23947,"M",2.43683886758032,-0.732065853477891,"DH","Y",2019,2020,"summer",1,"JO",1,2020-06-23,0,0
"715",22028,"F",-0.210086147189671,-2.55481871023849,"DH","A",2019,2021,"summer",2,"BT",1,2021-06-20,0.565047135237498,182
"716",24377,"M",-1.70224622248338,-0.313027249240552,"DH","A",2019,2021,"summer",2,"JO",2,2021-06-20,0.753396180316664,0
"717",24680,"M",-2.51083357474863,-0.313036304073234,"DH","A",2019,2021,"summer",2,"JO",2,2021-06-20,1.50679236063333,358.875
"718",24839,"M",-1.15842927147436,0.21240353125644,"DH","Y",2020,2021,"summer",1,"KL",1,2021-06-20,0.376698090158332,365
"719",24896,"F",1.74998425978457,-0.0650134389158931,"DH","Y",2020,2021,"summer",1,"JO",2,2021-06-20,1.31844331555416,117
"720",25195,"F",-0.71502367740209,2.89703776671247,"DH","Y",2020,2021,"summer",1,"JO",1,2021-06-20,0,0
"721",25196,"F",-1.04399338530083,0.220677096781029,"DH","Y",2020,2021,"summer",1,"JO",1,2021-06-20,0,0
"722",24357,"M",1.47275582167571,-1.46779760601648,"DH","Y",2020,2021,"summer",1,"JO",1,2021-06-21,1.31844331555416,0
"723",24385,"M",-1.25776964285965,-2.37112837039135,"DH","A",2019,2021,"summer",2,"JO",1,2021-06-21,1.50679236063333,313.25
"724",24729,"M",0.348438768469294,-2.37307222251027,"DH","A",2019,2021,"summer",2,"JO",2,2021-06-21,1.31844331555416,188.857142857143
"725",24745,"M",-1.98300661846761,-3.92616112241524,"DH","A",2019,2021,"summer",2,"JO",2,2021-06-21,1.31844331555416,195.428571428571
"726",25190,"M",0.264806181887382,-1.14600159216636,"DH","Y",2020,2021,"summer",1,"JO",1,2021-06-21,0,0
"727",25208,"M",-1.09771139150532,-0.331541650876477,"DH","A",2019,2021,"summer",2,"JO",1,2021-06-22,0,0
"728",24850,"M",-2.3206241635413,0.0398774080866427,"DH","Y",2020,2021,"summer",1,"KL",2,2021-06-30,1.31844331555416,0
"729",24002,"F",0.651261659273906,-0.0887020027141734,"EAG","A",2019,2023,"spring",4,"KL",1,2023-05-14,0,0
"730",25275,"F",0.220636237341485,0.360496039596096,"EAG","A",2021,2023,"spring",2,"KL",2,2023-05-14,0,0
"731",25881,"F",-1.84249672757268,-3.64292145665195,"EAG","Y",2022,2023,"spring",1,"KL",1,2023-05-18,0,0
"732",26017,"F",-0.723905924614661,-0.0207427717799415,"EAG","Y",2022,2023,"spring",1,"KL",1,2023-05-18,0,0
"733",25186,"F",2.02487163896529,-2.19998750546231,"EAG","A",2020,2023,"spring",3,"KL",1,2023-05-20,0,0
"734",25970,"F",3.11798008432994,-2.03298216043489,"EAG","Y",2022,2023,"spring",1,"KL",1,2023-05-20,0,0
"735",25140,"F",1.06211343115308,-0.300678418375199,"EAG","A",2020,2023,"spring",3,"JO",1,2023-05-21,0,0
"736",25624,"F",2.10844570616405,0.0446136447522705,"EAG","Y",2022,2023,"spring",1,"JO",1,2023-05-23,0,0
"737",26010,"F",0.543313783976394,-0.52840477071552,"EAG","Y",2022,2023,"spring",1,"JO",1,2023-05-23,0,0
"738",25239,"F",-0.763969259766057,-0.0709027685819545,"EAG","A",2021,2023,"spring",2,"KL",2,2023-05-24,0,0
"739",25513,"F",-0.444221727745869,-0.914689157644256,"EAG","Y",2022,2023,"spring",1,"KL",1,2023-05-24,0,0
"740",25514,"F",-2.21415862825623,-3.81613758127198,"EAG","Y",2022,2023,"spring",1,"KL",1,2023-05-24,0,0
"741",25216,"F",-1.25001705500624,-0.558806263423639,"EAG","A",2020,2023,"spring",3,"JO",1,2023-05-25,0,0
